{"v":"5.8.1","fr":100,"ip":0,"op":54,"w":500,"h":500,"nm":"157-bar-chart-decrease-to-growth-morph-lineal","ddd":0,"assets":[],"layers":[{"ddd":0,"ind":1,"ty":3,"nm":"02092020","sr":1,"ks":{"o":{"a":0,"k":0,"ix":11},"r":{"a":0,"k":0,"ix":10},"p":{"a":0,"k":[-105,15,0],"ix":2,"l":2},"a":{"a":0,"k":[60,60,0],"ix":1,"l":2},"s":{"a":0,"k":[100,100,100],"ix":6,"l":2}},"ao":0,"ef":[{"ty":5,"nm":"02092020002","np":3,"mn":"ADBE Checkbox Control","ix":1,"en":1,"ef":[{"ty":7,"nm":"Checkbox","mn":"ADBE Checkbox Control-0001","ix":1,"v":{"a":0,"k":0,"ix":1}}]}],"ip":0,"op":500,"st":0,"bm":0},{"ddd":0,"ind":2,"ty":4,"nm":"lordicon.com Outlines","cl":"com","sr":1,"ks":{"o":{"a":0,"k":20,"ix":11,"x":"var $bm_rt;\nvar checkbox = thisComp.layer('02092020').effect('02092020002')('Checkbox');\nif (checkbox == 1) {\n    $bm_rt = 20;\n} else {\n    $bm_rt = 0;\n}\n;"},"r":{"a":0,"k":0,"ix":10},"p":{"a":0,"k":[249.934,481.369,0],"ix":2,"l":2},"a":{"a":0,"k":[79.934,0.369,0],"ix":1,"l":2},"s":{"a":0,"k":[265.159,265.159,100],"ix":6,"l":2}},"ao":0,"shapes":[{"ty":"gr","it":[{"ind":0,"ty":"sh","ix":1,"ks":{"a":0,"k":{"i":[[0,0],[0,0],[0,0],[0,0],[0,0],[0,0]],"o":[[0,0],[0,0],[0,0],[0,0],[0,0],[0,0]],"v":[[1.415,0],[11.014,0],[11.014,-2.523],[4.656,-2.523],[4.656,-14.809],[1.415,-14.809]],"c":true},"ix":2},"nm":"l","mn":"ADBE Vector Shape - Group","hd":false},{"ty":"fl","c":{"a":0,"k":[0,0,0,1],"ix":4},"o":{"a":0,"k":100,"ix":5},"r":1,"bm":0,"nm":"Fill 1","mn":"ADBE Vector Graphic - Fill","hd":false},{"ty":"tr","p":{"a":0,"k":[0,0],"ix":2},"a":{"a":0,"k":[0,0],"ix":1},"s":{"a":0,"k":[100,100],"ix":3},"r":{"a":0,"k":0,"ix":6},"o":{"a":0,"k":100,"ix":7},"sk":{"a":0,"k":0,"ix":4},"sa":{"a":0,"k":0,"ix":5},"nm":"Transform"}],"nm":"l","np":3,"cix":2,"bm":0,"ix":1,"mn":"ADBE Vector Group","hd":false},{"ty":"gr","it":[{"ind":0,"ty":"sh","ix":1,"ks":{"a":0,"k":{"i":[[0,-3.938],[-1.62,-1.723],[-1.949,0],[-1.641,1.846],[0,2.154],[1.579,1.805],[1.579,0]],"o":[[0,1.354],[1.354,1.415],[1.231,0],[1.21,-1.354],[0,-1.456],[-1.456,-1.641],[-5.333,0]],"v":[[11.167,-7.199],[12.992,-1.661],[18.243,0.369],[23.514,-1.743],[25.381,-7.548],[23.494,-13.127],[18.284,-15.137]],"c":true},"ix":2},"nm":"o","mn":"ADBE Vector Shape - Group","hd":false},{"ind":1,"ty":"sh","ix":2,"ks":{"a":0,"k":{"i":[[0,1.415],[-0.841,1.026],[-1.19,0],[-0.615,-1.825],[0,-0.718],[0.492,-0.738],[1.292,0],[0.451,0.615]],"o":[[0,-1.682],[0.595,-0.759],[1.518,0],[0.308,0.902],[0,2.359],[-0.595,0.923],[-1.477,0],[-0.882,-1.149]],"v":[[14.49,-7.302],[15.577,-11.609],[18.305,-12.86],[21.689,-10.235],[22.058,-7.589],[21.053,-3.343],[18.284,-1.969],[15.597,-3.159]],"c":true},"ix":2},"nm":"o","mn":"ADBE Vector Shape - Group","hd":false},{"ty":"mm","mm":1,"nm":"Merge Paths 1","mn":"ADBE Vector Filter - Merge","hd":false},{"ty":"fl","c":{"a":0,"k":[0,0,0,1],"ix":4},"o":{"a":0,"k":100,"ix":5},"r":1,"bm":0,"nm":"Fill 1","mn":"ADBE Vector Graphic - Fill","hd":false},{"ty":"tr","p":{"a":0,"k":[0,0],"ix":2},"a":{"a":0,"k":[0,0],"ix":1},"s":{"a":0,"k":[100,100],"ix":3},"r":{"a":0,"k":0,"ix":6},"o":{"a":0,"k":100,"ix":7},"sk":{"a":0,"k":0,"ix":4},"sa":{"a":0,"k":0,"ix":5},"nm":"Transform"}],"nm":"o","np":5,"cix":2,"bm":0,"ix":2,"mn":"ADBE Vector Group","hd":false},{"ty":"gr","it":[{"ind":0,"ty":"sh","ix":1,"ks":{"a":0,"k":{"i":[[0,0],[0,0],[0,0],[0,0],[-0.287,-0.841],[-0.144,-0.82],[0,0],[0.164,0.656],[0.226,1.743],[2.236,0.205],[0,2.769],[0.923,0.8],[1.641,-0.021],[0,0]],"o":[[0,0],[0,0],[0,0],[0.533,0],[0.205,0.574],[0,0],[-0.164,-0.246],[-0.103,-0.41],[-0.267,-1.928],[0.718,-0.205],[0,-0.964],[-1.19,-1.026],[0,0],[0,0]],"v":[[27.381,0],[30.622,0],[30.622,-5.989],[33.411,-5.989],[35.011,-5.148],[35.811,0],[39.318,0],[38.867,-1.067],[38.416,-3.938],[35.749,-7.343],[38.847,-10.973],[37.554,-13.824],[33.063,-14.829],[27.381,-14.829]],"c":true},"ix":2},"nm":"r","mn":"ADBE Vector Shape - Group","hd":false},{"ind":1,"ty":"sh","ix":2,"ks":{"a":0,"k":{"i":[[0,0],[0,0],[-0.492,-0.349],[0,-1.005],[0.226,-0.164],[0.369,0],[0,0]],"o":[[0,0],[1.005,0],[0.287,0.185],[0,1.046],[-0.513,0.41],[0,0],[0,0]],"v":[[30.519,-12.491],[32.652,-12.491],[34.744,-12.142],[35.524,-10.481],[34.703,-8.758],[33.083,-8.348],[30.519,-8.348]],"c":true},"ix":2},"nm":"r","mn":"ADBE Vector Shape - Group","hd":false},{"ty":"mm","mm":1,"nm":"Merge Paths 1","mn":"ADBE Vector Filter - Merge","hd":false},{"ty":"fl","c":{"a":0,"k":[0,0,0,1],"ix":4},"o":{"a":0,"k":100,"ix":5},"r":1,"bm":0,"nm":"Fill 1","mn":"ADBE Vector Graphic - Fill","hd":false},{"ty":"tr","p":{"a":0,"k":[0,0],"ix":2},"a":{"a":0,"k":[0,0],"ix":1},"s":{"a":0,"k":[100,100],"ix":3},"r":{"a":0,"k":0,"ix":6},"o":{"a":0,"k":100,"ix":7},"sk":{"a":0,"k":0,"ix":4},"sa":{"a":0,"k":0,"ix":5},"nm":"Transform"}],"nm":"r","np":5,"cix":2,"bm":0,"ix":3,"mn":"ADBE Vector Group","hd":false},{"ty":"gr","it":[{"ind":0,"ty":"sh","ix":1,"ks":{"a":0,"k":{"i":[[0,0],[0,0],[-0.554,0.103],[0,4.553],[1.866,1.374],[0.82,0],[0,0]],"o":[[0,0],[1.497,0],[2.81,-0.513],[0,-2.113],[-1.784,-1.313],[0,0],[0,0]],"v":[[41.068,0],[45.683,0],[48.349,-0.164],[53.6,-7.609],[51.077,-13.434],[45.97,-14.768],[41.068,-14.788]],"c":true},"ix":2},"nm":"d","mn":"ADBE Vector Shape - Group","hd":false},{"ind":1,"ty":"sh","ix":2,"ks":{"a":0,"k":{"i":[[0,0],[-0.656,-0.185],[0,-2.092],[1.251,-1.251],[1.354,0],[0.349,0.021]],"o":[[1.825,-0.082],[1.99,0.554],[0,0.718],[-0.923,0.923],[-0.369,0],[0,0]],"v":[[44.288,-12.388],[47.611,-12.183],[50.318,-7.609],[48.985,-3.425],[45.539,-2.4],[44.288,-2.441]],"c":true},"ix":2},"nm":"d","mn":"ADBE Vector Shape - Group","hd":false},{"ty":"mm","mm":1,"nm":"Merge Paths 1","mn":"ADBE Vector Filter - Merge","hd":false},{"ty":"fl","c":{"a":0,"k":[0,0,0,1],"ix":4},"o":{"a":0,"k":100,"ix":5},"r":1,"bm":0,"nm":"Fill 1","mn":"ADBE Vector Graphic - Fill","hd":false},{"ty":"tr","p":{"a":0,"k":[0,0],"ix":2},"a":{"a":0,"k":[0,0],"ix":1},"s":{"a":0,"k":[100,100],"ix":3},"r":{"a":0,"k":0,"ix":6},"o":{"a":0,"k":100,"ix":7},"sk":{"a":0,"k":0,"ix":4},"sa":{"a":0,"k":0,"ix":5},"nm":"Transform"}],"nm":"d","np":5,"cix":2,"bm":0,"ix":4,"mn":"ADBE Vector Group","hd":false},{"ty":"gr","it":[{"ind":0,"ty":"sh","ix":1,"ks":{"a":0,"k":{"i":[[0,0],[0,0],[0,0],[0,0]],"o":[[0,0],[0,0],[0,0],[0,0]],"v":[[55.669,0],[58.849,0],[58.849,-14.87],[55.669,-14.87]],"c":true},"ix":2},"nm":"i","mn":"ADBE Vector Shape - Group","hd":false},{"ty":"fl","c":{"a":0,"k":[0,0,0,1],"ix":4},"o":{"a":0,"k":100,"ix":5},"r":1,"bm":0,"nm":"Fill 1","mn":"ADBE Vector Graphic - Fill","hd":false},{"ty":"tr","p":{"a":0,"k":[0,0],"ix":2},"a":{"a":0,"k":[0,0],"ix":1},"s":{"a":0,"k":[100,100],"ix":3},"r":{"a":0,"k":0,"ix":6},"o":{"a":0,"k":100,"ix":7},"sk":{"a":0,"k":0,"ix":4},"sa":{"a":0,"k":0,"ix":5},"nm":"Transform"}],"nm":"i","np":3,"cix":2,"bm":0,"ix":5,"mn":"ADBE Vector Group","hd":false},{"ty":"gr","it":[{"ind":0,"ty":"sh","ix":1,"ks":{"a":0,"k":{"i":[[0,0],[3.241,0],[0,-4.697],[-5.107,0],[-1.313,1.354],[-0.062,0.882],[0,0],[1.333,0],[0,0.882],[-2.359,0],[-0.062,-0.513]],"o":[[0,-2.954],[-4.164,0],[0,3.671],[1.354,0],[1.19,-1.231],[0,0],[-0.062,1.969],[-3.097,0],[0,-3.056],[2.154,0],[0,0]],"v":[[73.104,-9.989],[67.587,-14.911],[60.798,-7.097],[67.566,0.349],[71.894,-1.313],[73.227,-4.799],[69.884,-4.799],[67.218,-1.99],[64.121,-7.076],[67.464,-12.593],[69.864,-9.989]],"c":true},"ix":2},"nm":"c","mn":"ADBE Vector Shape - Group","hd":false},{"ty":"fl","c":{"a":0,"k":[0,0,0,1],"ix":4},"o":{"a":0,"k":100,"ix":5},"r":1,"bm":0,"nm":"Fill 1","mn":"ADBE Vector Graphic - Fill","hd":false},{"ty":"tr","p":{"a":0,"k":[0,0],"ix":2},"a":{"a":0,"k":[0,0],"ix":1},"s":{"a":0,"k":[100,100],"ix":3},"r":{"a":0,"k":0,"ix":6},"o":{"a":0,"k":100,"ix":7},"sk":{"a":0,"k":0,"ix":4},"sa":{"a":0,"k":0,"ix":5},"nm":"Transform"}],"nm":"c","np":3,"cix":2,"bm":0,"ix":6,"mn":"ADBE Vector Group","hd":false},{"ty":"gr","it":[{"ind":0,"ty":"sh","ix":1,"ks":{"a":0,"k":{"i":[[0,-3.938],[-1.62,-1.723],[-1.949,0],[-1.641,1.846],[0,2.154],[1.579,1.805],[1.579,0]],"o":[[0,1.354],[1.354,1.415],[1.231,0],[1.21,-1.354],[0,-1.456],[-1.456,-1.641],[-5.333,0]],"v":[[74.546,-7.199],[76.372,-1.661],[81.622,0.369],[86.894,-1.743],[88.76,-7.548],[86.873,-13.127],[81.663,-15.137]],"c":true},"ix":2},"nm":"o","mn":"ADBE Vector Shape - Group","hd":false},{"ind":1,"ty":"sh","ix":2,"ks":{"a":0,"k":{"i":[[0,1.415],[-0.841,1.026],[-1.19,0],[-0.615,-1.825],[0,-0.718],[0.492,-0.738],[1.292,0],[0.451,0.615]],"o":[[0,-1.682],[0.595,-0.759],[1.518,0],[0.308,0.902],[0,2.359],[-0.595,0.923],[-1.477,0],[-0.882,-1.149]],"v":[[77.869,-7.302],[78.956,-11.609],[81.684,-12.86],[85.068,-10.235],[85.437,-7.589],[84.432,-3.343],[81.663,-1.969],[78.977,-3.159]],"c":true},"ix":2},"nm":"o","mn":"ADBE Vector Shape - Group","hd":false},{"ty":"mm","mm":1,"nm":"Merge Paths 1","mn":"ADBE Vector Filter - Merge","hd":false},{"ty":"fl","c":{"a":0,"k":[0,0,0,1],"ix":4},"o":{"a":0,"k":100,"ix":5},"r":1,"bm":0,"nm":"Fill 1","mn":"ADBE Vector Graphic - Fill","hd":false},{"ty":"tr","p":{"a":0,"k":[0,0],"ix":2},"a":{"a":0,"k":[0,0],"ix":1},"s":{"a":0,"k":[100,100],"ix":3},"r":{"a":0,"k":0,"ix":6},"o":{"a":0,"k":100,"ix":7},"sk":{"a":0,"k":0,"ix":4},"sa":{"a":0,"k":0,"ix":5},"nm":"Transform"}],"nm":"o","np":5,"cix":2,"bm":0,"ix":7,"mn":"ADBE Vector Group","hd":false},{"ty":"gr","it":[{"ind":0,"ty":"sh","ix":1,"ks":{"a":0,"k":{"i":[[0,0],[0,0],[0,0],[0,0],[0,0],[0,0],[0,0],[0,0],[0,0],[0,0]],"o":[[0,0],[0,0],[0,0],[0,0],[0,0],[0,0],[0,0],[0,0],[0,0],[0,0]],"v":[[91.007,0],[94.001,0],[94.001,-12.306],[99.744,0],[104.113,0],[104.113,-14.829],[101.159,-14.829],[101.159,-3.159],[95.601,-14.829],[91.007,-14.829]],"c":true},"ix":2},"nm":"n","mn":"ADBE Vector Shape - Group","hd":false},{"ty":"fl","c":{"a":0,"k":[0,0,0,1],"ix":4},"o":{"a":0,"k":100,"ix":5},"r":1,"bm":0,"nm":"Fill 1","mn":"ADBE Vector Graphic - Fill","hd":false},{"ty":"tr","p":{"a":0,"k":[0,0],"ix":2},"a":{"a":0,"k":[0,0],"ix":1},"s":{"a":0,"k":[100,100],"ix":3},"r":{"a":0,"k":0,"ix":6},"o":{"a":0,"k":100,"ix":7},"sk":{"a":0,"k":0,"ix":4},"sa":{"a":0,"k":0,"ix":5},"nm":"Transform"}],"nm":"n","np":3,"cix":2,"bm":0,"ix":8,"mn":"ADBE Vector Group","hd":false},{"ty":"gr","it":[{"ind":0,"ty":"sh","ix":1,"ks":{"a":0,"k":{"i":[[0,0],[0,0],[0,0],[0,0]],"o":[[0,0],[0,0],[0,0],[0,0]],"v":[[106.893,0],[109.497,0],[109.497,-2.728],[106.893,-2.728]],"c":true},"ix":2},"nm":".","mn":"ADBE Vector Shape - Group","hd":false},{"ty":"fl","c":{"a":0,"k":[0,0,0,1],"ix":4},"o":{"a":0,"k":100,"ix":5},"r":1,"bm":0,"nm":"Fill 1","mn":"ADBE Vector Graphic - Fill","hd":false},{"ty":"tr","p":{"a":0,"k":[0,0],"ix":2},"a":{"a":0,"k":[0,0],"ix":1},"s":{"a":0,"k":[100,100],"ix":3},"r":{"a":0,"k":0,"ix":6},"o":{"a":0,"k":100,"ix":7},"sk":{"a":0,"k":0,"ix":4},"sa":{"a":0,"k":0,"ix":5},"nm":"Transform"}],"nm":".","np":3,"cix":2,"bm":0,"ix":9,"mn":"ADBE Vector Group","hd":false},{"ty":"gr","it":[{"ind":0,"ty":"sh","ix":1,"ks":{"a":0,"k":{"i":[[0,0],[3.241,0],[0,-4.697],[-5.107,0],[-1.313,1.354],[-0.062,0.882],[0,0],[1.333,0],[0,0.882],[-2.359,0],[-0.062,-0.513]],"o":[[0,-2.954],[-4.164,0],[0,3.671],[1.354,0],[1.19,-1.231],[0,0],[-0.062,1.969],[-3.097,0],[0,-3.056],[2.154,0],[0,0]],"v":[[124.04,-9.989],[118.523,-14.911],[111.734,-7.097],[118.502,0.349],[122.83,-1.313],[124.163,-4.799],[120.82,-4.799],[118.154,-1.99],[115.057,-7.076],[118.4,-12.593],[120.8,-9.989]],"c":true},"ix":2},"nm":"c","mn":"ADBE Vector Shape - Group","hd":false},{"ty":"fl","c":{"a":0,"k":[0,0,0,1],"ix":4},"o":{"a":0,"k":100,"ix":5},"r":1,"bm":0,"nm":"Fill 1","mn":"ADBE Vector Graphic - Fill","hd":false},{"ty":"tr","p":{"a":0,"k":[0,0],"ix":2},"a":{"a":0,"k":[0,0],"ix":1},"s":{"a":0,"k":[100,100],"ix":3},"r":{"a":0,"k":0,"ix":6},"o":{"a":0,"k":100,"ix":7},"sk":{"a":0,"k":0,"ix":4},"sa":{"a":0,"k":0,"ix":5},"nm":"Transform"}],"nm":"c","np":3,"cix":2,"bm":0,"ix":10,"mn":"ADBE Vector Group","hd":false},{"ty":"gr","it":[{"ind":0,"ty":"sh","ix":1,"ks":{"a":0,"k":{"i":[[0,-3.938],[-1.62,-1.723],[-1.949,0],[-1.641,1.846],[0,2.154],[1.579,1.805],[1.579,0]],"o":[[0,1.354],[1.354,1.415],[1.231,0],[1.21,-1.354],[0,-1.456],[-1.456,-1.641],[-5.333,0]],"v":[[125.482,-7.199],[127.308,-1.661],[132.558,0.369],[137.829,-1.743],[139.696,-7.548],[137.809,-13.127],[132.599,-15.137]],"c":true},"ix":2},"nm":"o","mn":"ADBE Vector Shape - Group","hd":false},{"ind":1,"ty":"sh","ix":2,"ks":{"a":0,"k":{"i":[[0,1.415],[-0.841,1.026],[-1.19,0],[-0.615,-1.825],[0,-0.718],[0.492,-0.738],[1.292,0],[0.451,0.615]],"o":[[0,-1.682],[0.595,-0.759],[1.518,0],[0.308,0.902],[0,2.359],[-0.595,0.923],[-1.477,0],[-0.882,-1.149]],"v":[[128.805,-7.302],[129.892,-11.609],[132.62,-12.86],[136.004,-10.235],[136.373,-7.589],[135.368,-3.343],[132.599,-1.969],[129.912,-3.159]],"c":true},"ix":2},"nm":"o","mn":"ADBE Vector Shape - Group","hd":false},{"ty":"mm","mm":1,"nm":"Merge Paths 1","mn":"ADBE Vector Filter - Merge","hd":false},{"ty":"fl","c":{"a":0,"k":[0,0,0,1],"ix":4},"o":{"a":0,"k":100,"ix":5},"r":1,"bm":0,"nm":"Fill 1","mn":"ADBE Vector Graphic - Fill","hd":false},{"ty":"tr","p":{"a":0,"k":[0,0],"ix":2},"a":{"a":0,"k":[0,0],"ix":1},"s":{"a":0,"k":[100,100],"ix":3},"r":{"a":0,"k":0,"ix":6},"o":{"a":0,"k":100,"ix":7},"sk":{"a":0,"k":0,"ix":4},"sa":{"a":0,"k":0,"ix":5},"nm":"Transform"}],"nm":"o","np":5,"cix":2,"bm":0,"ix":11,"mn":"ADBE Vector Group","hd":false},{"ty":"gr","it":[{"ind":0,"ty":"sh","ix":1,"ks":{"a":0,"k":{"i":[[0,0],[0,0],[0,0],[0,0],[0,0],[0,0],[0,0],[0,0],[0,0],[0,0],[0,0],[0,0],[0,0]],"o":[[0,0],[0,0],[0,0],[0,0],[0,0],[0,0],[0,0],[0,0],[0,0],[0,0],[0,0],[0,0],[0,0]],"v":[[141.696,0],[144.67,0],[144.67,-12.716],[148.629,0],[151.254,0],[155.295,-12.716],[155.295,0],[158.453,0],[158.453,-14.829],[153.408,-14.829],[150.024,-4.041],[146.885,-14.829],[141.696,-14.829]],"c":true},"ix":2},"nm":"m","mn":"ADBE Vector Shape - Group","hd":false},{"ty":"fl","c":{"a":0,"k":[0,0,0,1],"ix":4},"o":{"a":0,"k":100,"ix":5},"r":1,"bm":0,"nm":"Fill 1","mn":"ADBE Vector Graphic - Fill","hd":false},{"ty":"tr","p":{"a":0,"k":[0,0],"ix":2},"a":{"a":0,"k":[0,0],"ix":1},"s":{"a":0,"k":[100,100],"ix":3},"r":{"a":0,"k":0,"ix":6},"o":{"a":0,"k":100,"ix":7},"sk":{"a":0,"k":0,"ix":4},"sa":{"a":0,"k":0,"ix":5},"nm":"Transform"}],"nm":"m","np":3,"cix":2,"bm":0,"ix":12,"mn":"ADBE Vector Group","hd":false}],"ip":4.16666666666667,"op":41.6666666666667,"st":0,"bm":0},{"ddd":0,"ind":3,"ty":3,"nm":"Color  & Stroke Change","sr":1,"ks":{"o":{"a":0,"k":0,"ix":11},"r":{"a":0,"k":0,"ix":10},"p":{"a":0,"k":[0,0],"ix":2,"l":2},"a":{"a":0,"k":[0,0,0],"ix":1,"l":2},"s":{"a":0,"k":[100,100,100],"ix":6,"l":2}},"ao":0,"ef":[{"ty":5,"nm":"Outline","np":3,"mn":"ADBE Color Control","ix":1,"en":1,"ef":[{"ty":2,"nm":"Color","mn":"ADBE Color Control-0001","ix":1,"v":{"a":0,"k":[0.071,0.075,0.192],"ix":1}}]},{"ty":5,"nm":"Primary","np":3,"mn":"ADBE Color Control","ix":2,"en":1,"ef":[{"ty":2,"nm":"Color","mn":"ADBE Color Control-0001","ix":1,"v":{"a":0,"k":[0.392,0.431,0.471],"ix":1}}]},{"ty":5,"nm":"Secondary","np":3,"mn":"ADBE Color Control","ix":3,"en":1,"ef":[{"ty":2,"nm":"Color","mn":"ADBE Color Control-0001","ix":1,"v":{"a":0,"k":[1,0.78,0.22],"ix":1}}]},{"ty":5,"nm":"Tertiary","np":3,"mn":"ADBE Color Control","ix":4,"en":1,"ef":[{"ty":2,"nm":"Color","mn":"ADBE Color Control-0001","ix":1,"v":{"a":0,"k":[0.294,0.702,0.992],"ix":1}}]},{"ty":5,"nm":"Stroke","np":3,"mn":"ADBE Slider Control","ix":5,"en":1,"ef":[{"ty":0,"nm":"Slider","mn":"ADBE Slider Control-0001","ix":1,"v":{"a":0,"k":70,"ix":1}}]},{"ty":5,"nm":"Scale","np":3,"mn":"ADBE Slider Control","ix":6,"en":1,"ef":[{"ty":0,"nm":"Slider","mn":"ADBE Slider Control-0001","ix":1,"v":{"a":0,"k":100,"ix":1}}]},{"ty":5,"nm":"Axis","np":3,"mn":"ADBE Point Control","ix":7,"en":1,"ef":[{"ty":3,"nm":"Point","mn":"ADBE Point Control-0001","ix":1,"v":{"a":0,"k":[250,250],"ix":1}}]}],"ip":0,"op":500,"st":0,"bm":0},{"ddd":0,"ind":4,"ty":3,"nm":"NULL 2","sr":1,"ks":{"o":{"a":0,"k":0,"ix":11},"r":{"a":0,"k":0,"ix":10},"p":{"a":0,"k":[250,250,0],"ix":2,"l":2,"x":"var $bm_rt;\n$bm_rt = thisComp.layer('Color  & Stroke Change').effect('Axis')('Point');"},"a":{"a":0,"k":[60,60,0],"ix":1,"l":2},"s":{"a":0,"k":[100,100,100],"ix":6,"l":2,"x":"var $bm_rt;\nvar temp;\ntemp = thisComp.layer('Color  & Stroke Change').effect('Scale')('Slider');\n$bm_rt = [\n    temp,\n    temp\n];"}},"ao":0,"ip":0,"op":500,"st":0,"bm":0},{"ddd":0,"ind":5,"ty":3,"nm":"NULL","parent":4,"sr":1,"ks":{"o":{"a":0,"k":0,"ix":11},"r":{"a":0,"k":0,"ix":10},"p":{"a":0,"k":[60,60,0],"ix":2,"l":2},"a":{"a":0,"k":[60,60,0],"ix":1,"l":2},"s":{"a":0,"k":[370,370,100],"ix":6,"l":2}},"ao":0,"ip":0,"op":500,"st":0,"bm":0},{"ddd":0,"ind":6,"ty":4,"nm":"Shape Layer 4","parent":5,"sr":1,"ks":{"o":{"a":0,"k":100,"ix":11},"r":{"a":0,"k":0,"ix":10},"p":{"a":0,"k":[60,62,0],"ix":2,"l":2},"a":{"a":0,"k":[0,0,0],"ix":1,"l":2},"s":{"a":0,"k":[100,100,100],"ix":6,"l":2}},"ao":0,"shapes":[{"ty":"gr","it":[{"ind":0,"ty":"sh","ix":1,"ks":{"a":0,"k":{"i":[[0,0],[0,0],[0,0]],"o":[[0,0],[0,0],[0,0]],"v":[[-43.484,-37.5],[-43.484,37.5],[42.5,37.5]],"c":false},"ix":2},"nm":"Path 1","mn":"ADBE Vector Shape - Group","hd":false},{"ty":"st","c":{"a":0,"k":[0.070588235294,0.074509803922,0.192156862745,1],"ix":3,"x":"var $bm_rt;\n$bm_rt = thisComp.layer('Color  & Stroke Change').effect('Outline')('Color');"},"o":{"a":0,"k":100,"ix":4},"w":{"a":0,"k":2,"ix":5,"x":"var $bm_rt;\n$bm_rt = $bm_mul(2.9 / 100, thisComp.layer('Color  & Stroke Change').effect('Stroke')('Slider'));"},"lc":2,"lj":2,"bm":0,"nm":"Stroke 1","mn":"ADBE Vector Graphic - Stroke","hd":false},{"ty":"tr","p":{"a":0,"k":[0,0],"ix":2},"a":{"a":0,"k":[0,0],"ix":1},"s":{"a":0,"k":[100,100],"ix":3},"r":{"a":0,"k":0,"ix":6},"o":{"a":0,"k":100,"ix":7},"sk":{"a":0,"k":0,"ix":4},"sa":{"a":0,"k":0,"ix":5},"nm":"Transform"}],"nm":"Shape 1","np":2,"cix":2,"bm":0,"ix":1,"mn":"ADBE Vector Group","hd":false}],"ip":0,"op":500,"st":0,"bm":0},{"ddd":0,"ind":7,"ty":4,"nm":"Shape Layer 3","parent":5,"sr":1,"ks":{"o":{"a":0,"k":100,"ix":11},"r":{"a":0,"k":0,"ix":10},"p":{"a":0,"k":[59.502,71.506,0],"ix":2,"l":2},"a":{"a":0,"k":[6.502,9.506,0],"ix":1,"l":2},"s":{"a":0,"k":[100,100,100],"ix":6,"l":2}},"ao":0,"shapes":[{"ty":"gr","it":[{"ind":0,"ty":"sh","ix":1,"ks":{"a":1,"k":[{"i":{"x":0.667,"y":1},"o":{"x":0.899,"y":0},"t":0,"s":[{"i":[[0,0],[0,0],[0,0],[0,0]],"o":[[0,0],[0,0],[0,0],[0,0]],"v":[[40.508,12.512],[22.508,12.512],[22.5,37.5],[40.504,37.5]],"c":true}]},{"i":{"x":0.667,"y":1},"o":{"x":0.333,"y":0},"t":13,"s":[{"i":[[0,0],[0,0],[0,0],[0,0]],"o":[[0,0],[0,0],[0,0],[0,0]],"v":[[40.508,15.637],[22.508,15.637],[22.5,37.5],[40.504,37.5]],"c":true}]},{"i":{"x":0,"y":1},"o":{"x":0.333,"y":0},"t":39,"s":[{"i":[[0,0],[0,0],[0,0],[0,0]],"o":[[0,0],[0,0],[0,0],[0,0]],"v":[[40.508,-30.613],[22.508,-30.613],[22.5,37.5],[40.504,37.5]],"c":true}]},{"t":52,"s":[{"i":[[0,0],[0,0],[0,0],[0,0]],"o":[[0,0],[0,0],[0,0],[0,0]],"v":[[40.508,-27.488],[22.508,-27.488],[22.5,37.5],[40.504,37.5]],"c":true}]}],"ix":2},"nm":"Path 1","mn":"ADBE Vector Shape - Group","hd":false},{"ind":1,"ty":"sh","ix":2,"ks":{"a":1,"k":[{"i":{"x":0.667,"y":1},"o":{"x":0.899,"y":0},"t":0,"s":[{"i":[[0,0],[0,0],[0,0],[0,0]],"o":[[0,0],[0,0],[0,0],[0,0]],"v":[[15.508,-7.488],[-2.492,-7.488],[-2.5,37.5],[15.504,37.5]],"c":true}]},{"i":{"x":0.667,"y":1},"o":{"x":0.333,"y":0},"t":13,"s":[{"i":[[0,0],[0,0],[0,0],[0,0]],"o":[[0,0],[0,0],[0,0],[0,0]],"v":[[15.508,-10.613],[-2.492,-10.613],[-2.5,37.5],[15.504,37.5]],"c":true}]},{"i":{"x":0,"y":1},"o":{"x":0.333,"y":0},"t":39,"s":[{"i":[[0,0],[0,0],[0,0],[0,0]],"o":[[0,0],[0,0],[0,0],[0,0]],"v":[[15.508,-4.363],[-2.492,-4.363],[-2.5,37.5],[15.504,37.5]],"c":true}]},{"t":52,"s":[{"i":[[0,0],[0,0],[0,0],[0,0]],"o":[[0,0],[0,0],[0,0],[0,0]],"v":[[15.508,-7.488],[-2.492,-7.488],[-2.5,37.5],[15.504,37.5]],"c":true}]}],"ix":2},"nm":"Path 3","mn":"ADBE Vector Shape - Group","hd":false},{"ind":2,"ty":"sh","ix":3,"ks":{"a":1,"k":[{"i":{"x":0.824,"y":1},"o":{"x":0.899,"y":0},"t":0,"s":[{"i":[[0,0],[0,0],[0,0],[0,0]],"o":[[0,0],[0,0],[0,0],[0,0]],"v":[[-9.492,-27.426],[-27.492,-27.426],[-27.5,37.5],[-9.496,37.5]],"c":true}]},{"i":{"x":0.745,"y":1},"o":{"x":0.255,"y":0},"t":13,"s":[{"i":[[0,0],[0,0],[0,0],[0,0]],"o":[[0,0],[0,0],[0,0],[0,0]],"v":[[-9.492,-30.551],[-27.492,-30.551],[-27.5,37.5],[-9.496,37.5]],"c":true}]},{"i":{"x":0,"y":1},"o":{"x":0.176,"y":0},"t":39,"s":[{"i":[[0,0],[0,0],[0,0],[0,0]],"o":[[0,0],[0,0],[0,0],[0,0]],"v":[[-9.492,15.637],[-27.492,15.637],[-27.5,37.5],[-9.496,37.5]],"c":true}]},{"t":52,"s":[{"i":[[0,0],[0,0],[0,0],[0,0]],"o":[[0,0],[0,0],[0,0],[0,0]],"v":[[-9.492,12.512],[-27.492,12.512],[-27.5,37.5],[-9.496,37.5]],"c":true}]}],"ix":2},"nm":"Path 2","mn":"ADBE Vector Shape - Group","hd":false},{"ty":"st","c":{"a":0,"k":[0.070588235294,0.074509803922,0.192156862745,1],"ix":3,"x":"var $bm_rt;\n$bm_rt = thisComp.layer('Color  & Stroke Change').effect('Outline')('Color');"},"o":{"a":0,"k":100,"ix":4},"w":{"a":0,"k":2,"ix":5,"x":"var $bm_rt;\n$bm_rt = $bm_mul(2.9 / 100, thisComp.layer('Color  & Stroke Change').effect('Stroke')('Slider'));"},"lc":2,"lj":2,"bm":0,"nm":"Stroke 1","mn":"ADBE Vector Graphic - Stroke","hd":false},{"ty":"tr","p":{"a":0,"k":[0,0],"ix":2},"a":{"a":0,"k":[0,0],"ix":1},"s":{"a":0,"k":[100,100],"ix":3},"r":{"a":0,"k":0,"ix":6},"o":{"a":0,"k":100,"ix":7},"sk":{"a":0,"k":0,"ix":4},"sa":{"a":0,"k":0,"ix":5},"nm":"Transform"}],"nm":"Shape 1","np":4,"cix":2,"bm":0,"ix":1,"mn":"ADBE Vector Group","hd":false}],"ip":0,"op":500,"st":0,"bm":0},{"ddd":0,"ind":8,"ty":4,"nm":"Warstwa 9","parent":5,"td":1,"sr":1,"ks":{"o":{"a":0,"k":100,"ix":11},"r":{"a":0,"k":0,"ix":10},"p":{"a":0,"k":[84.557,86.729,0],"ix":2,"l":2},"a":{"a":0,"k":[0,0,0],"ix":1,"l":2},"s":{"a":0,"k":[25.496,25.496,100],"ix":6,"l":2}},"ao":0,"shapes":[{"ty":"gr","it":[{"ind":0,"ty":"sh","ix":1,"ks":{"a":1,"k":[{"i":{"x":0.67,"y":1},"o":{"x":0.893,"y":0},"t":0,"s":[{"i":[[0.375,0.375],[0.53,0],[0,0],[0,-1.104],[0,0],[-0.375,-0.375],[-0.531,0],[0,0],[0,1.104],[0,0]],"o":[[-0.375,-0.375],[0,0],[-1.104,0],[0,0],[0,0.531],[0.375,0.375],[0,0],[1.104,0],[0,0],[0,-0.53]],"v":[[34.729,-47.642],[33.315,-48.228],[-33.285,-48.228],[-35.285,-46.229],[-35.289,48.148],[-34.704,49.563],[-33.289,50.149],[33.325,50.149],[35.325,48.149],[35.315,-46.228]],"c":true}]},{"i":{"x":0.67,"y":1},"o":{"x":0.33,"y":0},"t":13,"s":[{"i":[[0.375,0.375],[0.53,0],[0,0],[0,-1.104],[0,0],[-0.375,-0.375],[-0.531,0],[0,0],[0,1.104],[0,0]],"o":[[-0.375,-0.375],[0,0],[-1.104,0],[0,0],[0,0.531],[0.375,0.375],[0,0],[1.104,0],[0,0],[0,-0.53]],"v":[[34.783,-34.922],[33.368,-35.508],[-33.232,-35.508],[-35.232,-33.509],[-35.289,48.148],[-34.704,49.563],[-33.289,50.149],[33.325,50.149],[35.325,48.149],[35.368,-33.508]],"c":true}]},{"i":{"x":0,"y":1},"o":{"x":0.33,"y":0},"t":39,"s":[{"i":[[0.375,0.375],[0.53,0],[0,0],[0,-1.104],[0,0],[-0.375,-0.375],[-0.531,0],[0,0],[0,1.105],[0,0]],"o":[[-0.375,-0.375],[0,0],[-1.104,0],[0,0],[0,0.531],[0.375,0.375],[0,0],[1.104,0],[0,0],[0,-0.53]],"v":[[34.846,-216.187],[33.431,-216.773],[-33.169,-216.773],[-35.169,-214.774],[-35.289,48.148],[-34.704,49.564],[-33.289,50.15],[33.325,50.15],[35.325,48.149],[35.431,-214.773]],"c":true}]},{"t":52,"s":[{"i":[[0.375,0.375],[0.53,0],[0,0],[0,-1.104],[0,0],[-0.375,-0.375],[-0.531,0],[0,0],[0,1.104],[0,0]],"o":[[-0.375,-0.375],[0,0],[-1.104,0],[0,0],[0,0.531],[0.375,0.375],[0,0],[1.104,0],[0,0],[0,-0.53]],"v":[[34.766,-204.527],[33.351,-205.113],[-33.249,-205.113],[-35.249,-203.114],[-35.289,48.148],[-34.704,49.563],[-33.289,50.149],[33.325,50.149],[35.325,48.149],[35.351,-203.113]],"c":true}]}],"ix":2},"nm":"Path 1","mn":"ADBE Vector Shape - Group","hd":false},{"ty":"fl","c":{"a":0,"k":[0.392156869173,0.43137255311,0.470588237047,1],"ix":4},"o":{"a":0,"k":100,"ix":5},"r":1,"bm":0,"nm":"Fill 1","mn":"ADBE Vector Graphic - Fill","hd":false},{"ty":"tr","p":{"a":0,"k":[0,0],"ix":2},"a":{"a":0,"k":[0,0],"ix":1},"s":{"a":0,"k":[100,100],"ix":3},"r":{"a":0,"k":0,"ix":6},"o":{"a":0,"k":100,"ix":7},"sk":{"a":0,"k":0,"ix":4},"sa":{"a":0,"k":0,"ix":5},"nm":"Transform"}],"nm":"Group 1","np":2,"cix":2,"bm":0,"ix":1,"mn":"ADBE Vector Group","hd":false}],"ip":0,"op":500,"st":0,"bm":0},{"ddd":0,"ind":9,"ty":4,"nm":"Warstwa 6","parent":5,"tt":1,"sr":1,"ks":{"o":{"a":0,"k":100,"ix":11},"r":{"a":0,"k":0,"ix":10},"p":{"a":0,"k":[88.881,86.729,0],"ix":2,"l":2},"a":{"a":0,"k":[0,0,0],"ix":1,"l":2},"s":{"a":0,"k":[25.496,25.496,100],"ix":6,"l":2}},"ao":0,"shapes":[{"ty":"gr","it":[{"ind":0,"ty":"sh","ix":1,"ks":{"a":1,"k":[{"i":{"x":0.67,"y":1},"o":{"x":0.893,"y":0},"t":0,"s":[{"i":[[0.375,0.375],[0.53,0],[0,0],[0,-1.104],[0,0],[-0.375,-0.375],[-0.531,0],[0,0],[0,1.104],[0,0]],"o":[[-0.375,-0.375],[0,0],[-1.104,0],[0,0],[0,0.531],[0.375,0.375],[0,0],[1.104,0],[0,0],[0,-0.53]],"v":[[34.729,-47.642],[33.315,-48.228],[-33.285,-48.228],[-35.285,-46.229],[-35.289,48.148],[-34.704,49.563],[-33.289,50.149],[33.325,50.149],[35.325,48.149],[35.315,-46.228]],"c":true}]},{"i":{"x":0.67,"y":1},"o":{"x":0.33,"y":0},"t":13,"s":[{"i":[[0.375,0.375],[0.53,0],[0,0],[0,-1.104],[0,0],[-0.375,-0.375],[-0.531,0],[0,0],[0,1.104],[0,0]],"o":[[-0.375,-0.375],[0,0],[-1.104,0],[0,0],[0,0.531],[0.375,0.375],[0,0],[1.104,0],[0,0],[0,-0.53]],"v":[[34.783,-34.922],[33.368,-35.508],[-33.232,-35.508],[-35.232,-33.509],[-35.289,48.148],[-34.704,49.563],[-33.289,50.149],[33.325,50.149],[35.325,48.149],[35.368,-33.508]],"c":true}]},{"i":{"x":0,"y":1},"o":{"x":0.33,"y":0},"t":39,"s":[{"i":[[0.375,0.375],[0.53,0],[0,0],[0,-1.104],[0,0],[-0.375,-0.375],[-0.531,0],[0,0],[0,1.105],[0,0]],"o":[[-0.375,-0.375],[0,0],[-1.104,0],[0,0],[0,0.531],[0.375,0.375],[0,0],[1.104,0],[0,0],[0,-0.53]],"v":[[34.846,-216.187],[33.431,-216.773],[-33.169,-216.773],[-35.169,-214.774],[-35.289,48.148],[-34.704,49.564],[-33.289,50.15],[33.325,50.15],[35.325,48.149],[35.431,-214.773]],"c":true}]},{"t":52,"s":[{"i":[[0.375,0.375],[0.53,0],[0,0],[0,-1.104],[0,0],[-0.375,-0.375],[-0.531,0],[0,0],[0,1.104],[0,0]],"o":[[-0.375,-0.375],[0,0],[-1.104,0],[0,0],[0,0.531],[0.375,0.375],[0,0],[1.104,0],[0,0],[0,-0.53]],"v":[[34.766,-204.527],[33.351,-205.113],[-33.249,-205.113],[-35.249,-203.114],[-35.289,48.148],[-34.704,49.563],[-33.289,50.149],[33.325,50.149],[35.325,48.149],[35.351,-203.113]],"c":true}]}],"ix":2},"nm":"Path 1","mn":"ADBE Vector Shape - Group","hd":false},{"ty":"fl","c":{"a":0,"k":[0.392156869173,0.43137255311,0.470588237047,1],"ix":4,"x":"var $bm_rt;\n$bm_rt = thisComp.layer('Color  & Stroke Change').effect('Primary')('Color');"},"o":{"a":0,"k":100,"ix":5},"r":1,"bm":0,"nm":"Fill 1","mn":"ADBE Vector Graphic - Fill","hd":false},{"ty":"tr","p":{"a":0,"k":[0,0],"ix":2},"a":{"a":0,"k":[0,0],"ix":1},"s":{"a":0,"k":[100,100],"ix":3},"r":{"a":0,"k":0,"ix":6},"o":{"a":0,"k":100,"ix":7},"sk":{"a":0,"k":0,"ix":4},"sa":{"a":0,"k":0,"ix":5},"nm":"Transform"}],"nm":"Group 1","np":2,"cix":2,"bm":0,"ix":1,"mn":"ADBE Vector Group","hd":false}],"ip":0,"op":500,"st":0,"bm":0},{"ddd":0,"ind":10,"ty":4,"nm":"Warstwa 3","parent":5,"sr":1,"ks":{"o":{"a":0,"k":100,"ix":11},"r":{"a":0,"k":0,"ix":10},"p":{"a":0,"k":[84.557,86.729,0],"ix":2,"l":2},"a":{"a":0,"k":[0,0,0],"ix":1,"l":2},"s":{"a":0,"k":[25.496,25.496,100],"ix":6,"l":2}},"ao":0,"shapes":[{"ty":"gr","it":[{"ind":0,"ty":"sh","ix":1,"ks":{"a":1,"k":[{"i":{"x":0.67,"y":1},"o":{"x":0.893,"y":0},"t":0,"s":[{"i":[[0.375,0.375],[0.53,0],[0,0],[0,-1.104],[0,0],[-0.375,-0.375],[-0.531,0],[0,0],[0,1.104],[0,0]],"o":[[-0.375,-0.375],[0,0],[-1.104,0],[0,0],[0,0.531],[0.375,0.375],[0,0],[1.104,0],[0,0],[0,-0.53]],"v":[[34.729,-47.642],[33.315,-48.228],[-33.285,-48.228],[-35.285,-46.229],[-35.289,48.148],[-34.704,49.563],[-33.289,50.149],[33.325,50.149],[35.325,48.149],[35.315,-46.228]],"c":true}]},{"i":{"x":0.67,"y":1},"o":{"x":0.33,"y":0},"t":13,"s":[{"i":[[0.375,0.375],[0.53,0],[0,0],[0,-1.104],[0,0],[-0.375,-0.375],[-0.531,0],[0,0],[0,1.104],[0,0]],"o":[[-0.375,-0.375],[0,0],[-1.104,0],[0,0],[0,0.531],[0.375,0.375],[0,0],[1.104,0],[0,0],[0,-0.53]],"v":[[34.783,-34.922],[33.368,-35.508],[-33.232,-35.508],[-35.232,-33.509],[-35.289,48.148],[-34.704,49.563],[-33.289,50.149],[33.325,50.149],[35.325,48.149],[35.368,-33.508]],"c":true}]},{"i":{"x":0,"y":1},"o":{"x":0.33,"y":0},"t":39,"s":[{"i":[[0.375,0.375],[0.53,0],[0,0],[0,-1.104],[0,0],[-0.375,-0.375],[-0.531,0],[0,0],[0,1.105],[0,0]],"o":[[-0.375,-0.375],[0,0],[-1.104,0],[0,0],[0,0.531],[0.375,0.375],[0,0],[1.104,0],[0,0],[0,-0.53]],"v":[[34.846,-216.187],[33.431,-216.773],[-33.169,-216.773],[-35.169,-214.774],[-35.289,48.148],[-34.704,49.564],[-33.289,50.15],[33.325,50.15],[35.325,48.149],[35.431,-214.773]],"c":true}]},{"t":52,"s":[{"i":[[0.375,0.375],[0.53,0],[0,0],[0,-1.104],[0,0],[-0.375,-0.375],[-0.531,0],[0,0],[0,1.104],[0,0]],"o":[[-0.375,-0.375],[0,0],[-1.104,0],[0,0],[0,0.531],[0.375,0.375],[0,0],[1.104,0],[0,0],[0,-0.53]],"v":[[34.766,-204.527],[33.351,-205.113],[-33.249,-205.113],[-35.249,-203.114],[-35.289,48.148],[-34.704,49.563],[-33.289,50.149],[33.325,50.149],[35.325,48.149],[35.351,-203.113]],"c":true}]}],"ix":2},"nm":"Path 1","mn":"ADBE Vector Shape - Group","hd":false},{"ty":"fl","c":{"a":0,"k":[0.392156869173,0.43137255311,0.470588237047,1],"ix":4,"x":"var $bm_rt;\n$bm_rt = thisComp.layer('Color  & Stroke Change').effect('Primary')('Color');"},"o":{"a":0,"k":50,"ix":5},"r":1,"bm":1,"nm":"Fill 1","mn":"ADBE Vector Graphic - Fill","hd":false},{"ty":"fl","c":{"a":0,"k":[0.392156869173,0.43137255311,0.470588237047,1],"ix":4,"x":"var $bm_rt;\n$bm_rt = thisComp.layer('Color  & Stroke Change').effect('Primary')('Color');"},"o":{"a":0,"k":100,"ix":5},"r":1,"bm":0,"nm":"Fill 2","mn":"ADBE Vector Graphic - Fill","hd":false},{"ty":"tr","p":{"a":0,"k":[0,0],"ix":2},"a":{"a":0,"k":[0,0],"ix":1},"s":{"a":0,"k":[100,100],"ix":3},"r":{"a":0,"k":0,"ix":6},"o":{"a":0,"k":100,"ix":7},"sk":{"a":0,"k":0,"ix":4},"sa":{"a":0,"k":0,"ix":5},"nm":"Transform"}],"nm":"Group 1","np":3,"cix":2,"bm":0,"ix":1,"mn":"ADBE Vector Group","hd":false}],"ip":0,"op":500,"st":0,"bm":0},{"ddd":0,"ind":11,"ty":4,"nm":"Warstwa 8","parent":5,"td":1,"sr":1,"ks":{"o":{"a":0,"k":100,"ix":11},"r":{"a":0,"k":0,"ix":10},"p":{"a":0,"k":[59.523,76.425,0],"ix":2,"l":2},"a":{"a":0,"k":[0,0,0],"ix":1,"l":2},"s":{"a":0,"k":[25.695,25.695,100],"ix":6,"l":2}},"ao":0,"shapes":[{"ty":"gr","it":[{"ind":0,"ty":"sh","ix":1,"ks":{"a":1,"k":[{"i":{"x":0.67,"y":1},"o":{"x":0.893,"y":0},"t":0,"s":[{"i":[[0.53,0],[0,0],[0,-1.104],[0,0],[-0.375,-0.375],[-0.53,0],[0,0],[0,1.104],[0,0],[0.375,0.375]],"o":[[0,0],[-1.104,0],[0,0],[0,0.53],[0.375,0.375],[0,0],[1.104,0],[0,0],[0,-0.53],[-0.375,-0.375]],"v":[[33.315,-85.228],[-33.285,-85.228],[-35.285,-83.228],[-35.296,87.961],[-34.71,89.375],[-33.296,89.961],[33.319,89.961],[35.319,87.961],[35.315,-83.228],[34.729,-84.642]],"c":true}]},{"i":{"x":0.67,"y":1},"o":{"x":0.33,"y":0},"t":13,"s":[{"i":[[0.53,0],[0,0],[0,-1.104],[0,0],[-0.375,-0.375],[-0.53,0],[0,0],[0,1.104],[0,0],[0.375,0.375]],"o":[[0,0],[-1.104,0],[0,0],[0,0.53],[0.375,0.375],[0,0],[1.104,0],[0,0],[0,-0.53],[-0.375,-0.375]],"v":[[33.349,-97.719],[-33.251,-97.719],[-35.251,-95.719],[-35.296,87.961],[-34.71,89.375],[-33.296,89.961],[33.319,89.961],[35.319,87.961],[35.349,-95.719],[34.763,-97.133]],"c":true}]},{"i":{"x":0,"y":1},"o":{"x":0.33,"y":0},"t":39,"s":[{"i":[[0.53,0],[0,0],[0,-1.104],[0,0],[-0.375,-0.375],[-0.53,0],[0,0],[0,1.104],[0,0],[0.375,0.375]],"o":[[0,0],[-1.104,0],[0,0],[0,0.53],[0.375,0.375],[0,0],[1.104,0],[0,0],[0,-0.53],[-0.375,-0.375]],"v":[[33.349,-73],[-33.251,-73],[-35.251,-71],[-35.296,87.961],[-34.71,89.375],[-33.296,89.961],[33.319,89.961],[35.319,87.961],[35.349,-71],[34.763,-72.414]],"c":true}]},{"t":52,"s":[{"i":[[0.53,0],[0,0],[0,-1.104],[0,0],[-0.375,-0.375],[-0.53,0],[0,0],[0,1.104],[0,0],[0.375,0.375]],"o":[[0,0],[-1.104,0],[0,0],[0,0.53],[0.375,0.375],[0,0],[1.104,0],[0,0],[0,-0.53],[-0.375,-0.375]],"v":[[33.315,-85.228],[-33.285,-85.228],[-35.285,-83.228],[-35.296,87.961],[-34.71,89.375],[-33.296,89.961],[33.319,89.961],[35.319,87.961],[35.315,-83.228],[34.729,-84.642]],"c":true}]}],"ix":2},"nm":"Path 1","mn":"ADBE Vector Shape - Group","hd":false},{"ty":"fl","c":{"a":0,"k":[1,0.780392169952,0.219607844949,1],"ix":4},"o":{"a":0,"k":100,"ix":5},"r":1,"bm":0,"nm":"Fill 1","mn":"ADBE Vector Graphic - Fill","hd":false},{"ty":"tr","p":{"a":0,"k":[0,0],"ix":2},"a":{"a":0,"k":[0,0],"ix":1},"s":{"a":0,"k":[100,100],"ix":3},"r":{"a":0,"k":0,"ix":6},"o":{"a":0,"k":100,"ix":7},"sk":{"a":0,"k":0,"ix":4},"sa":{"a":0,"k":0,"ix":5},"nm":"Transform"}],"nm":"Group 1","np":2,"cix":2,"bm":0,"ix":1,"mn":"ADBE Vector Group","hd":false}],"ip":0,"op":500,"st":0,"bm":0},{"ddd":0,"ind":12,"ty":4,"nm":"Warstwa 5","parent":5,"tt":1,"sr":1,"ks":{"o":{"a":0,"k":100,"ix":11},"r":{"a":0,"k":0,"ix":10},"p":{"a":0,"k":[63.847,76.425,0],"ix":2,"l":2},"a":{"a":0,"k":[0,0,0],"ix":1,"l":2},"s":{"a":0,"k":[25.695,25.695,100],"ix":6,"l":2}},"ao":0,"shapes":[{"ty":"gr","it":[{"ind":0,"ty":"sh","ix":1,"ks":{"a":1,"k":[{"i":{"x":0.67,"y":1},"o":{"x":0.893,"y":0},"t":0,"s":[{"i":[[0.53,0],[0,0],[0,-1.104],[0,0],[-0.375,-0.375],[-0.53,0],[0,0],[0,1.104],[0,0],[0.375,0.375]],"o":[[0,0],[-1.104,0],[0,0],[0,0.53],[0.375,0.375],[0,0],[1.104,0],[0,0],[0,-0.53],[-0.375,-0.375]],"v":[[33.315,-85.228],[-33.285,-85.228],[-35.285,-83.228],[-35.296,87.961],[-34.71,89.375],[-33.296,89.961],[33.319,89.961],[35.319,87.961],[35.315,-83.228],[34.729,-84.642]],"c":true}]},{"i":{"x":0.67,"y":1},"o":{"x":0.33,"y":0},"t":13,"s":[{"i":[[0.53,0],[0,0],[0,-1.104],[0,0],[-0.375,-0.375],[-0.53,0],[0,0],[0,1.104],[0,0],[0.375,0.375]],"o":[[0,0],[-1.104,0],[0,0],[0,0.53],[0.375,0.375],[0,0],[1.104,0],[0,0],[0,-0.53],[-0.375,-0.375]],"v":[[33.349,-97.719],[-33.251,-97.719],[-35.251,-95.719],[-35.296,87.961],[-34.71,89.375],[-33.296,89.961],[33.319,89.961],[35.319,87.961],[35.349,-95.719],[34.763,-97.133]],"c":true}]},{"i":{"x":0,"y":1},"o":{"x":0.33,"y":0},"t":39,"s":[{"i":[[0.53,0],[0,0],[0,-1.104],[0,0],[-0.375,-0.375],[-0.53,0],[0,0],[0,1.104],[0,0],[0.375,0.375]],"o":[[0,0],[-1.104,0],[0,0],[0,0.53],[0.375,0.375],[0,0],[1.104,0],[0,0],[0,-0.53],[-0.375,-0.375]],"v":[[33.349,-73],[-33.251,-73],[-35.251,-71],[-35.296,87.961],[-34.71,89.375],[-33.296,89.961],[33.319,89.961],[35.319,87.961],[35.349,-71],[34.763,-72.414]],"c":true}]},{"t":52,"s":[{"i":[[0.53,0],[0,0],[0,-1.104],[0,0],[-0.375,-0.375],[-0.53,0],[0,0],[0,1.104],[0,0],[0.375,0.375]],"o":[[0,0],[-1.104,0],[0,0],[0,0.53],[0.375,0.375],[0,0],[1.104,0],[0,0],[0,-0.53],[-0.375,-0.375]],"v":[[33.315,-85.228],[-33.285,-85.228],[-35.285,-83.228],[-35.296,87.961],[-34.71,89.375],[-33.296,89.961],[33.319,89.961],[35.319,87.961],[35.315,-83.228],[34.729,-84.642]],"c":true}]}],"ix":2},"nm":"Path 1","mn":"ADBE Vector Shape - Group","hd":false},{"ty":"fl","c":{"a":0,"k":[1,0.780392169952,0.219607844949,1],"ix":4,"x":"var $bm_rt;\n$bm_rt = thisComp.layer('Color  & Stroke Change').effect('Secondary')('Color');"},"o":{"a":0,"k":100,"ix":5},"r":1,"bm":0,"nm":"Fill 1","mn":"ADBE Vector Graphic - Fill","hd":false},{"ty":"tr","p":{"a":0,"k":[0,0],"ix":2},"a":{"a":0,"k":[0,0],"ix":1},"s":{"a":0,"k":[100,100],"ix":3},"r":{"a":0,"k":0,"ix":6},"o":{"a":0,"k":100,"ix":7},"sk":{"a":0,"k":0,"ix":4},"sa":{"a":0,"k":0,"ix":5},"nm":"Transform"}],"nm":"Group 1","np":2,"cix":2,"bm":0,"ix":1,"mn":"ADBE Vector Group","hd":false}],"ip":0,"op":500,"st":0,"bm":0},{"ddd":0,"ind":13,"ty":4,"nm":"Warstwa 2","parent":5,"sr":1,"ks":{"o":{"a":0,"k":100,"ix":11},"r":{"a":0,"k":0,"ix":10},"p":{"a":0,"k":[59.523,76.425,0],"ix":2,"l":2},"a":{"a":0,"k":[0,0,0],"ix":1,"l":2},"s":{"a":0,"k":[25.695,25.695,100],"ix":6,"l":2}},"ao":0,"shapes":[{"ty":"gr","it":[{"ind":0,"ty":"sh","ix":1,"ks":{"a":1,"k":[{"i":{"x":0.67,"y":1},"o":{"x":0.893,"y":0},"t":0,"s":[{"i":[[0.53,0],[0,0],[0,-1.104],[0,0],[-0.375,-0.375],[-0.53,0],[0,0],[0,1.104],[0,0],[0.375,0.375]],"o":[[0,0],[-1.104,0],[0,0],[0,0.53],[0.375,0.375],[0,0],[1.104,0],[0,0],[0,-0.53],[-0.375,-0.375]],"v":[[33.315,-85.228],[-33.285,-85.228],[-35.285,-83.228],[-35.296,87.961],[-34.71,89.375],[-33.296,89.961],[33.319,89.961],[35.319,87.961],[35.315,-83.228],[34.729,-84.642]],"c":true}]},{"i":{"x":0.67,"y":1},"o":{"x":0.33,"y":0},"t":13,"s":[{"i":[[0.53,0],[0,0],[0,-1.104],[0,0],[-0.375,-0.375],[-0.53,0],[0,0],[0,1.104],[0,0],[0.375,0.375]],"o":[[0,0],[-1.104,0],[0,0],[0,0.53],[0.375,0.375],[0,0],[1.104,0],[0,0],[0,-0.53],[-0.375,-0.375]],"v":[[33.349,-97.719],[-33.251,-97.719],[-35.251,-95.719],[-35.296,87.961],[-34.71,89.375],[-33.296,89.961],[33.319,89.961],[35.319,87.961],[35.349,-95.719],[34.763,-97.133]],"c":true}]},{"i":{"x":0,"y":1},"o":{"x":0.33,"y":0},"t":39,"s":[{"i":[[0.53,0],[0,0],[0,-1.104],[0,0],[-0.375,-0.375],[-0.53,0],[0,0],[0,1.104],[0,0],[0.375,0.375]],"o":[[0,0],[-1.104,0],[0,0],[0,0.53],[0.375,0.375],[0,0],[1.104,0],[0,0],[0,-0.53],[-0.375,-0.375]],"v":[[33.349,-73],[-33.251,-73],[-35.251,-71],[-35.296,87.961],[-34.71,89.375],[-33.296,89.961],[33.319,89.961],[35.319,87.961],[35.349,-71],[34.763,-72.414]],"c":true}]},{"t":52,"s":[{"i":[[0.53,0],[0,0],[0,-1.104],[0,0],[-0.375,-0.375],[-0.53,0],[0,0],[0,1.104],[0,0],[0.375,0.375]],"o":[[0,0],[-1.104,0],[0,0],[0,0.53],[0.375,0.375],[0,0],[1.104,0],[0,0],[0,-0.53],[-0.375,-0.375]],"v":[[33.315,-85.228],[-33.285,-85.228],[-35.285,-83.228],[-35.296,87.961],[-34.71,89.375],[-33.296,89.961],[33.319,89.961],[35.319,87.961],[35.315,-83.228],[34.729,-84.642]],"c":true}]}],"ix":2},"nm":"Path 1","mn":"ADBE Vector Shape - Group","hd":false},{"ty":"fl","c":{"a":0,"k":[1,0.780392169952,0.219607844949,1],"ix":4,"x":"var $bm_rt;\n$bm_rt = thisComp.layer('Color  & Stroke Change').effect('Secondary')('Color');"},"o":{"a":0,"k":50,"ix":5},"r":1,"bm":1,"nm":"Fill 1","mn":"ADBE Vector Graphic - Fill","hd":false},{"ty":"fl","c":{"a":0,"k":[1,0.780392169952,0.219607844949,1],"ix":4,"x":"var $bm_rt;\n$bm_rt = thisComp.layer('Color  & Stroke Change').effect('Secondary')('Color');"},"o":{"a":0,"k":100,"ix":5},"r":1,"bm":0,"nm":"Fill 2","mn":"ADBE Vector Graphic - Fill","hd":false},{"ty":"tr","p":{"a":0,"k":[0,0],"ix":2},"a":{"a":0,"k":[0,0],"ix":1},"s":{"a":0,"k":[100,100],"ix":3},"r":{"a":0,"k":0,"ix":6},"o":{"a":0,"k":100,"ix":7},"sk":{"a":0,"k":0,"ix":4},"sa":{"a":0,"k":0,"ix":5},"nm":"Transform"}],"nm":"Group 1","np":3,"cix":2,"bm":0,"ix":1,"mn":"ADBE Vector Group","hd":false}],"ip":0,"op":500,"st":0,"bm":0},{"ddd":0,"ind":14,"ty":4,"nm":"Warstwa 7","parent":5,"td":1,"sr":1,"ks":{"o":{"a":0,"k":100,"ix":11},"r":{"a":0,"k":0,"ix":10},"p":{"a":0,"k":[34.557,65.746,0],"ix":2,"l":2},"a":{"a":0,"k":[0,0,0],"ix":1,"l":2},"s":{"a":0,"k":[25.592,25.592,100],"ix":6,"l":2}},"ao":0,"shapes":[{"ty":"gr","it":[{"ind":0,"ty":"sh","ix":1,"ks":{"a":1,"k":[{"i":{"x":0.75,"y":1},"o":{"x":0.893,"y":0},"t":0,"s":[{"i":[[0.53,0],[0,0],[0,-1.104],[0,0],[-0.375,-0.375],[-0.53,0],[0,0],[0,1.104],[0,0],[0.375,0.375]],"o":[[0,0],[-1.104,0],[0,0],[0,0.53],[0.375,0.375],[0,0],[1.104,0],[0,0],[0,-0.53],[-0.375,-0.375]],"v":[[33.315,-122.113],[-33.285,-122.113],[-35.285,-120.113],[-35.327,130.08],[-34.742,131.494],[-33.327,132.08],[33.288,132.08],[35.288,130.08],[35.315,-120.113],[34.729,-121.527]],"c":true}]},{"i":{"x":0.75,"y":1},"o":{"x":0.25,"y":0},"t":13,"s":[{"i":[[0.53,0],[0,0],[0,-1.104],[0,0],[-0.375,-0.375],[-0.53,0],[0,0],[0,1.104],[0,0],[0.375,0.375]],"o":[[0,0],[-1.104,0],[0,0],[0,0.53],[0.375,0.375],[0,0],[1.104,0],[0,0],[0,-0.53],[-0.375,-0.375]],"v":[[33.368,-133.994],[-33.232,-133.994],[-35.232,-131.994],[-35.327,130.08],[-34.742,131.494],[-33.327,132.08],[33.288,132.08],[35.288,130.08],[35.368,-131.994],[34.782,-133.408]],"c":true}]},{"i":{"x":0,"y":1},"o":{"x":0.25,"y":0},"t":39,"s":[{"i":[[0.53,0],[0,0],[0,-1.104],[0,0],[-0.375,-0.375],[-0.53,0],[0,0],[0,1.104],[0,0],[0.375,0.375]],"o":[[0,0],[-1.104,0],[0,0],[0,0.53],[0.375,0.375],[0,0],[1.104,0],[0,0],[0,-0.53],[-0.375,-0.375]],"v":[[33.744,46.726],[-32.856,46.726],[-34.856,48.726],[-35.327,130.08],[-34.742,131.494],[-33.327,132.08],[33.288,132.08],[35.288,130.08],[35.744,48.726],[35.158,47.312]],"c":true}]},{"t":52,"s":[{"i":[[0.53,0],[0,0],[0,-1.104],[0,0],[-0.375,-0.375],[-0.53,0],[0,0],[0,1.104],[0,0],[0.375,0.375]],"o":[[0,0],[-1.104,0],[0,0],[0,0.53],[0.375,0.375],[0,0],[1.104,0],[0,0],[0,-0.53],[-0.375,-0.375]],"v":[[33.744,34.086],[-32.856,34.086],[-34.856,36.086],[-35.327,130.08],[-34.742,131.494],[-33.327,132.08],[33.288,132.08],[35.288,130.08],[35.744,36.086],[35.158,34.672]],"c":true}]}],"ix":2},"nm":"Path 1","mn":"ADBE Vector Shape - Group","hd":false},{"ty":"fl","c":{"a":0,"k":[0.29411765933,0.701960802078,0.992156863213,1],"ix":4},"o":{"a":0,"k":100,"ix":5},"r":1,"bm":0,"nm":"Fill 1","mn":"ADBE Vector Graphic - Fill","hd":false},{"ty":"tr","p":{"a":0,"k":[0,0],"ix":2},"a":{"a":0,"k":[0,0],"ix":1},"s":{"a":0,"k":[100,100],"ix":3},"r":{"a":0,"k":0,"ix":6},"o":{"a":0,"k":100,"ix":7},"sk":{"a":0,"k":0,"ix":4},"sa":{"a":0,"k":0,"ix":5},"nm":"Transform"}],"nm":"Group 1","np":2,"cix":2,"bm":0,"ix":1,"mn":"ADBE Vector Group","hd":false}],"ip":0,"op":500,"st":0,"bm":0},{"ddd":0,"ind":15,"ty":4,"nm":"Warstwa 4","parent":5,"tt":1,"sr":1,"ks":{"o":{"a":0,"k":100,"ix":11},"r":{"a":0,"k":0,"ix":10},"p":{"a":0,"k":[38.881,65.746,0],"ix":2,"l":2},"a":{"a":0,"k":[0,0,0],"ix":1,"l":2},"s":{"a":0,"k":[25.592,25.592,100],"ix":6,"l":2}},"ao":0,"shapes":[{"ty":"gr","it":[{"ind":0,"ty":"sh","ix":1,"ks":{"a":1,"k":[{"i":{"x":0.75,"y":1},"o":{"x":0.893,"y":0},"t":0,"s":[{"i":[[0.53,0],[0,0],[0,-1.104],[0,0],[-0.375,-0.375],[-0.53,0],[0,0],[0,1.104],[0,0],[0.375,0.375]],"o":[[0,0],[-1.104,0],[0,0],[0,0.53],[0.375,0.375],[0,0],[1.104,0],[0,0],[0,-0.53],[-0.375,-0.375]],"v":[[33.315,-122.113],[-33.285,-122.113],[-35.285,-120.113],[-35.327,130.08],[-34.742,131.494],[-33.327,132.08],[33.288,132.08],[35.288,130.08],[35.315,-120.113],[34.729,-121.527]],"c":true}]},{"i":{"x":0.75,"y":1},"o":{"x":0.25,"y":0},"t":13,"s":[{"i":[[0.53,0],[0,0],[0,-1.104],[0,0],[-0.375,-0.375],[-0.53,0],[0,0],[0,1.104],[0,0],[0.375,0.375]],"o":[[0,0],[-1.104,0],[0,0],[0,0.53],[0.375,0.375],[0,0],[1.104,0],[0,0],[0,-0.53],[-0.375,-0.375]],"v":[[33.368,-133.994],[-33.232,-133.994],[-35.232,-131.994],[-35.327,130.08],[-34.742,131.494],[-33.327,132.08],[33.288,132.08],[35.288,130.08],[35.368,-131.994],[34.782,-133.408]],"c":true}]},{"i":{"x":0,"y":1},"o":{"x":0.25,"y":0},"t":39,"s":[{"i":[[0.53,0],[0,0],[0,-1.104],[0,0],[-0.375,-0.375],[-0.53,0],[0,0],[0,1.104],[0,0],[0.375,0.375]],"o":[[0,0],[-1.104,0],[0,0],[0,0.53],[0.375,0.375],[0,0],[1.104,0],[0,0],[0,-0.53],[-0.375,-0.375]],"v":[[33.744,46.726],[-32.856,46.726],[-34.856,48.726],[-35.327,130.08],[-34.742,131.494],[-33.327,132.08],[33.288,132.08],[35.288,130.08],[35.744,48.726],[35.158,47.312]],"c":true}]},{"t":52,"s":[{"i":[[0.53,0],[0,0],[0,-1.104],[0,0],[-0.375,-0.375],[-0.53,0],[0,0],[0,1.104],[0,0],[0.375,0.375]],"o":[[0,0],[-1.104,0],[0,0],[0,0.53],[0.375,0.375],[0,0],[1.104,0],[0,0],[0,-0.53],[-0.375,-0.375]],"v":[[33.744,34.086],[-32.856,34.086],[-34.856,36.086],[-35.327,130.08],[-34.742,131.494],[-33.327,132.08],[33.288,132.08],[35.288,130.08],[35.744,36.086],[35.158,34.672]],"c":true}]}],"ix":2},"nm":"Path 1","mn":"ADBE Vector Shape - Group","hd":false},{"ty":"fl","c":{"a":0,"k":[0.29411765933,0.701960802078,0.992156863213,1],"ix":4,"x":"var $bm_rt;\n$bm_rt = thisComp.layer('Color  & Stroke Change').effect('Tertiary')('Color');"},"o":{"a":0,"k":100,"ix":5},"r":1,"bm":0,"nm":"Fill 1","mn":"ADBE Vector Graphic - Fill","hd":false},{"ty":"tr","p":{"a":0,"k":[0,0],"ix":2},"a":{"a":0,"k":[0,0],"ix":1},"s":{"a":0,"k":[100,100],"ix":3},"r":{"a":0,"k":0,"ix":6},"o":{"a":0,"k":100,"ix":7},"sk":{"a":0,"k":0,"ix":4},"sa":{"a":0,"k":0,"ix":5},"nm":"Transform"}],"nm":"Group 1","np":2,"cix":2,"bm":0,"ix":1,"mn":"ADBE Vector Group","hd":false}],"ip":0,"op":500,"st":0,"bm":0},{"ddd":0,"ind":16,"ty":4,"nm":"Warstwa 1","parent":5,"sr":1,"ks":{"o":{"a":0,"k":100,"ix":11},"r":{"a":0,"k":0,"ix":10},"p":{"a":0,"k":[34.557,65.746,0],"ix":2,"l":2},"a":{"a":0,"k":[0,0,0],"ix":1,"l":2},"s":{"a":0,"k":[25.592,25.592,100],"ix":6,"l":2}},"ao":0,"shapes":[{"ty":"gr","it":[{"ind":0,"ty":"sh","ix":1,"ks":{"a":1,"k":[{"i":{"x":0.75,"y":1},"o":{"x":0.893,"y":0},"t":0,"s":[{"i":[[0.53,0],[0,0],[0,-1.104],[0,0],[-0.375,-0.375],[-0.53,0],[0,0],[0,1.104],[0,0],[0.375,0.375]],"o":[[0,0],[-1.104,0],[0,0],[0,0.53],[0.375,0.375],[0,0],[1.104,0],[0,0],[0,-0.53],[-0.375,-0.375]],"v":[[33.315,-122.113],[-33.285,-122.113],[-35.285,-120.113],[-35.327,130.08],[-34.742,131.494],[-33.327,132.08],[33.288,132.08],[35.288,130.08],[35.315,-120.113],[34.729,-121.527]],"c":true}]},{"i":{"x":0.75,"y":1},"o":{"x":0.25,"y":0},"t":13,"s":[{"i":[[0.53,0],[0,0],[0,-1.104],[0,0],[-0.375,-0.375],[-0.53,0],[0,0],[0,1.104],[0,0],[0.375,0.375]],"o":[[0,0],[-1.104,0],[0,0],[0,0.53],[0.375,0.375],[0,0],[1.104,0],[0,0],[0,-0.53],[-0.375,-0.375]],"v":[[33.368,-133.994],[-33.232,-133.994],[-35.232,-131.994],[-35.327,130.08],[-34.742,131.494],[-33.327,132.08],[33.288,132.08],[35.288,130.08],[35.368,-131.994],[34.782,-133.408]],"c":true}]},{"i":{"x":0,"y":1},"o":{"x":0.25,"y":0},"t":39,"s":[{"i":[[0.53,0],[0,0],[0,-1.104],[0,0],[-0.375,-0.375],[-0.53,0],[0,0],[0,1.104],[0,0],[0.375,0.375]],"o":[[0,0],[-1.104,0],[0,0],[0,0.53],[0.375,0.375],[0,0],[1.104,0],[0,0],[0,-0.53],[-0.375,-0.375]],"v":[[33.744,46.726],[-32.856,46.726],[-34.856,48.726],[-35.327,130.08],[-34.742,131.494],[-33.327,132.08],[33.288,132.08],[35.288,130.08],[35.744,48.726],[35.158,47.312]],"c":true}]},{"t":52,"s":[{"i":[[0.53,0],[0,0],[0,-1.104],[0,0],[-0.375,-0.375],[-0.53,0],[0,0],[0,1.104],[0,0],[0.375,0.375]],"o":[[0,0],[-1.104,0],[0,0],[0,0.53],[0.375,0.375],[0,0],[1.104,0],[0,0],[0,-0.53],[-0.375,-0.375]],"v":[[33.744,34.086],[-32.856,34.086],[-34.856,36.086],[-35.327,130.08],[-34.742,131.494],[-33.327,132.08],[33.288,132.08],[35.288,130.08],[35.744,36.086],[35.158,34.672]],"c":true}]}],"ix":2},"nm":"Path 1","mn":"ADBE Vector Shape - Group","hd":false},{"ty":"fl","c":{"a":0,"k":[0.29411765933,0.701960802078,0.992156863213,1],"ix":4,"x":"var $bm_rt;\n$bm_rt = thisComp.layer('Color  & Stroke Change').effect('Tertiary')('Color');"},"o":{"a":0,"k":50,"ix":5},"r":1,"bm":1,"nm":"Fill 1","mn":"ADBE Vector Graphic - Fill","hd":false},{"ty":"fl","c":{"a":0,"k":[0.29411765933,0.701960802078,0.992156863213,1],"ix":4,"x":"var $bm_rt;\n$bm_rt = thisComp.layer('Color  & Stroke Change').effect('Tertiary')('Color');"},"o":{"a":0,"k":100,"ix":5},"r":1,"bm":0,"nm":"Fill 2","mn":"ADBE Vector Graphic - Fill","hd":false},{"ty":"tr","p":{"a":0,"k":[0,0],"ix":2},"a":{"a":0,"k":[0,0],"ix":1},"s":{"a":0,"k":[100,100],"ix":3},"r":{"a":0,"k":0,"ix":6},"o":{"a":0,"k":100,"ix":7},"sk":{"a":0,"k":0,"ix":4},"sa":{"a":0,"k":0,"ix":5},"nm":"Transform"}],"nm":"Group 1","np":3,"cix":2,"bm":0,"ix":1,"mn":"ADBE Vector Group","hd":false}],"ip":0,"op":500,"st":0,"bm":0}],"markers":[{"tm":12.5,"cm":"1","dr":0},{"tm":29.16796875,"cm":"2","dr":0},{"tm":45.83203125,"cm":"3","dr":0},{"tm":95.83203125,"cm":"4","dr":0}]}