{"v":"5.8.1","fr":60,"ip":0,"op":101,"w":500,"h":500,"nm":"1012-blog-writing-machine-flat","ddd":0,"assets":[],"layers":[{"ddd":0,"ind":1,"ty":3,"nm":"02092020","sr":1,"ks":{"o":{"a":0,"k":0,"ix":11},"r":{"a":0,"k":0,"ix":10},"p":{"a":0,"k":[-105,15,0],"ix":2,"l":2},"a":{"a":0,"k":[60,60,0],"ix":1,"l":2},"s":{"a":0,"k":[100,100,100],"ix":6,"l":2}},"ao":0,"ef":[{"ty":5,"nm":"02092020002","np":3,"mn":"ADBE Checkbox Control","ix":1,"en":1,"ef":[{"ty":7,"nm":"Checkbox","mn":"ADBE Checkbox Control-0001","ix":1,"v":{"a":0,"k":0,"ix":1}}]}],"ip":0,"op":300,"st":0,"bm":0},{"ddd":0,"ind":2,"ty":4,"nm":"lordicon.com Outlines","cl":"com","sr":1,"ks":{"o":{"a":0,"k":20,"ix":11,"x":"var $bm_rt;\nvar checkbox = thisComp.layer('02092020').effect('02092020002')('Checkbox');\nif (checkbox == 1) {\n    $bm_rt = 20;\n} else {\n    $bm_rt = 0;\n}\n;"},"r":{"a":0,"k":0,"ix":10},"p":{"a":0,"k":[249.934,481.369,0],"ix":2,"l":2},"a":{"a":0,"k":[79.934,0.369,0],"ix":1,"l":2},"s":{"a":0,"k":[265.159,265.159,100],"ix":6,"l":2}},"ao":0,"shapes":[{"ty":"gr","it":[{"ind":0,"ty":"sh","ix":1,"ks":{"a":0,"k":{"i":[[0,0],[0,0],[0,0],[0,0],[0,0],[0,0]],"o":[[0,0],[0,0],[0,0],[0,0],[0,0],[0,0]],"v":[[1.415,0],[11.014,0],[11.014,-2.523],[4.656,-2.523],[4.656,-14.809],[1.415,-14.809]],"c":true},"ix":2},"nm":"l","mn":"ADBE Vector Shape - Group","hd":false},{"ty":"fl","c":{"a":0,"k":[0,0,0,1],"ix":4},"o":{"a":0,"k":100,"ix":5},"r":1,"bm":0,"nm":"Fill 1","mn":"ADBE Vector Graphic - Fill","hd":false},{"ty":"tr","p":{"a":0,"k":[0,0],"ix":2},"a":{"a":0,"k":[0,0],"ix":1},"s":{"a":0,"k":[100,100],"ix":3},"r":{"a":0,"k":0,"ix":6},"o":{"a":0,"k":100,"ix":7},"sk":{"a":0,"k":0,"ix":4},"sa":{"a":0,"k":0,"ix":5},"nm":"Transform"}],"nm":"l","np":3,"cix":2,"bm":0,"ix":1,"mn":"ADBE Vector Group","hd":false},{"ty":"gr","it":[{"ind":0,"ty":"sh","ix":1,"ks":{"a":0,"k":{"i":[[0,-3.938],[-1.62,-1.723],[-1.949,0],[-1.641,1.846],[0,2.154],[1.579,1.805],[1.579,0]],"o":[[0,1.354],[1.354,1.415],[1.231,0],[1.21,-1.354],[0,-1.456],[-1.456,-1.641],[-5.333,0]],"v":[[11.167,-7.199],[12.992,-1.661],[18.243,0.369],[23.514,-1.743],[25.381,-7.548],[23.494,-13.127],[18.284,-15.137]],"c":true},"ix":2},"nm":"o","mn":"ADBE Vector Shape - Group","hd":false},{"ind":1,"ty":"sh","ix":2,"ks":{"a":0,"k":{"i":[[0,1.415],[-0.841,1.026],[-1.19,0],[-0.615,-1.825],[0,-0.718],[0.492,-0.738],[1.292,0],[0.451,0.615]],"o":[[0,-1.682],[0.595,-0.759],[1.518,0],[0.308,0.902],[0,2.359],[-0.595,0.923],[-1.477,0],[-0.882,-1.149]],"v":[[14.49,-7.302],[15.577,-11.609],[18.305,-12.86],[21.689,-10.235],[22.058,-7.589],[21.053,-3.343],[18.284,-1.969],[15.597,-3.159]],"c":true},"ix":2},"nm":"o","mn":"ADBE Vector Shape - Group","hd":false},{"ty":"mm","mm":1,"nm":"Merge Paths 1","mn":"ADBE Vector Filter - Merge","hd":false},{"ty":"fl","c":{"a":0,"k":[0,0,0,1],"ix":4},"o":{"a":0,"k":100,"ix":5},"r":1,"bm":0,"nm":"Fill 1","mn":"ADBE Vector Graphic - Fill","hd":false},{"ty":"tr","p":{"a":0,"k":[0,0],"ix":2},"a":{"a":0,"k":[0,0],"ix":1},"s":{"a":0,"k":[100,100],"ix":3},"r":{"a":0,"k":0,"ix":6},"o":{"a":0,"k":100,"ix":7},"sk":{"a":0,"k":0,"ix":4},"sa":{"a":0,"k":0,"ix":5},"nm":"Transform"}],"nm":"o","np":5,"cix":2,"bm":0,"ix":2,"mn":"ADBE Vector Group","hd":false},{"ty":"gr","it":[{"ind":0,"ty":"sh","ix":1,"ks":{"a":0,"k":{"i":[[0,0],[0,0],[0,0],[0,0],[-0.287,-0.841],[-0.144,-0.82],[0,0],[0.164,0.656],[0.226,1.743],[2.236,0.205],[0,2.769],[0.923,0.8],[1.641,-0.021],[0,0]],"o":[[0,0],[0,0],[0,0],[0.533,0],[0.205,0.574],[0,0],[-0.164,-0.246],[-0.103,-0.41],[-0.267,-1.928],[0.718,-0.205],[0,-0.964],[-1.19,-1.026],[0,0],[0,0]],"v":[[27.381,0],[30.622,0],[30.622,-5.989],[33.411,-5.989],[35.011,-5.148],[35.811,0],[39.318,0],[38.867,-1.067],[38.416,-3.938],[35.749,-7.343],[38.847,-10.973],[37.554,-13.824],[33.063,-14.829],[27.381,-14.829]],"c":true},"ix":2},"nm":"r","mn":"ADBE Vector Shape - Group","hd":false},{"ind":1,"ty":"sh","ix":2,"ks":{"a":0,"k":{"i":[[0,0],[0,0],[-0.492,-0.349],[0,-1.005],[0.226,-0.164],[0.369,0],[0,0]],"o":[[0,0],[1.005,0],[0.287,0.185],[0,1.046],[-0.513,0.41],[0,0],[0,0]],"v":[[30.519,-12.491],[32.652,-12.491],[34.744,-12.142],[35.524,-10.481],[34.703,-8.758],[33.083,-8.348],[30.519,-8.348]],"c":true},"ix":2},"nm":"r","mn":"ADBE Vector Shape - Group","hd":false},{"ty":"mm","mm":1,"nm":"Merge Paths 1","mn":"ADBE Vector Filter - Merge","hd":false},{"ty":"fl","c":{"a":0,"k":[0,0,0,1],"ix":4},"o":{"a":0,"k":100,"ix":5},"r":1,"bm":0,"nm":"Fill 1","mn":"ADBE Vector Graphic - Fill","hd":false},{"ty":"tr","p":{"a":0,"k":[0,0],"ix":2},"a":{"a":0,"k":[0,0],"ix":1},"s":{"a":0,"k":[100,100],"ix":3},"r":{"a":0,"k":0,"ix":6},"o":{"a":0,"k":100,"ix":7},"sk":{"a":0,"k":0,"ix":4},"sa":{"a":0,"k":0,"ix":5},"nm":"Transform"}],"nm":"r","np":5,"cix":2,"bm":0,"ix":3,"mn":"ADBE Vector Group","hd":false},{"ty":"gr","it":[{"ind":0,"ty":"sh","ix":1,"ks":{"a":0,"k":{"i":[[0,0],[0,0],[-0.554,0.103],[0,4.553],[1.866,1.374],[0.82,0],[0,0]],"o":[[0,0],[1.497,0],[2.81,-0.513],[0,-2.113],[-1.784,-1.313],[0,0],[0,0]],"v":[[41.068,0],[45.683,0],[48.349,-0.164],[53.6,-7.609],[51.077,-13.434],[45.97,-14.768],[41.068,-14.788]],"c":true},"ix":2},"nm":"d","mn":"ADBE Vector Shape - Group","hd":false},{"ind":1,"ty":"sh","ix":2,"ks":{"a":0,"k":{"i":[[0,0],[-0.656,-0.185],[0,-2.092],[1.251,-1.251],[1.354,0],[0.349,0.021]],"o":[[1.825,-0.082],[1.99,0.554],[0,0.718],[-0.923,0.923],[-0.369,0],[0,0]],"v":[[44.288,-12.388],[47.611,-12.183],[50.318,-7.609],[48.985,-3.425],[45.539,-2.4],[44.288,-2.441]],"c":true},"ix":2},"nm":"d","mn":"ADBE Vector Shape - Group","hd":false},{"ty":"mm","mm":1,"nm":"Merge Paths 1","mn":"ADBE Vector Filter - Merge","hd":false},{"ty":"fl","c":{"a":0,"k":[0,0,0,1],"ix":4},"o":{"a":0,"k":100,"ix":5},"r":1,"bm":0,"nm":"Fill 1","mn":"ADBE Vector Graphic - Fill","hd":false},{"ty":"tr","p":{"a":0,"k":[0,0],"ix":2},"a":{"a":0,"k":[0,0],"ix":1},"s":{"a":0,"k":[100,100],"ix":3},"r":{"a":0,"k":0,"ix":6},"o":{"a":0,"k":100,"ix":7},"sk":{"a":0,"k":0,"ix":4},"sa":{"a":0,"k":0,"ix":5},"nm":"Transform"}],"nm":"d","np":5,"cix":2,"bm":0,"ix":4,"mn":"ADBE Vector Group","hd":false},{"ty":"gr","it":[{"ind":0,"ty":"sh","ix":1,"ks":{"a":0,"k":{"i":[[0,0],[0,0],[0,0],[0,0]],"o":[[0,0],[0,0],[0,0],[0,0]],"v":[[55.669,0],[58.849,0],[58.849,-14.87],[55.669,-14.87]],"c":true},"ix":2},"nm":"i","mn":"ADBE Vector Shape - Group","hd":false},{"ty":"fl","c":{"a":0,"k":[0,0,0,1],"ix":4},"o":{"a":0,"k":100,"ix":5},"r":1,"bm":0,"nm":"Fill 1","mn":"ADBE Vector Graphic - Fill","hd":false},{"ty":"tr","p":{"a":0,"k":[0,0],"ix":2},"a":{"a":0,"k":[0,0],"ix":1},"s":{"a":0,"k":[100,100],"ix":3},"r":{"a":0,"k":0,"ix":6},"o":{"a":0,"k":100,"ix":7},"sk":{"a":0,"k":0,"ix":4},"sa":{"a":0,"k":0,"ix":5},"nm":"Transform"}],"nm":"i","np":3,"cix":2,"bm":0,"ix":5,"mn":"ADBE Vector Group","hd":false},{"ty":"gr","it":[{"ind":0,"ty":"sh","ix":1,"ks":{"a":0,"k":{"i":[[0,0],[3.241,0],[0,-4.697],[-5.107,0],[-1.313,1.354],[-0.062,0.882],[0,0],[1.333,0],[0,0.882],[-2.359,0],[-0.062,-0.513]],"o":[[0,-2.954],[-4.164,0],[0,3.671],[1.354,0],[1.19,-1.231],[0,0],[-0.062,1.969],[-3.097,0],[0,-3.056],[2.154,0],[0,0]],"v":[[73.104,-9.989],[67.587,-14.911],[60.798,-7.097],[67.566,0.349],[71.894,-1.313],[73.227,-4.799],[69.884,-4.799],[67.218,-1.99],[64.121,-7.076],[67.464,-12.593],[69.864,-9.989]],"c":true},"ix":2},"nm":"c","mn":"ADBE Vector Shape - Group","hd":false},{"ty":"fl","c":{"a":0,"k":[0,0,0,1],"ix":4},"o":{"a":0,"k":100,"ix":5},"r":1,"bm":0,"nm":"Fill 1","mn":"ADBE Vector Graphic - Fill","hd":false},{"ty":"tr","p":{"a":0,"k":[0,0],"ix":2},"a":{"a":0,"k":[0,0],"ix":1},"s":{"a":0,"k":[100,100],"ix":3},"r":{"a":0,"k":0,"ix":6},"o":{"a":0,"k":100,"ix":7},"sk":{"a":0,"k":0,"ix":4},"sa":{"a":0,"k":0,"ix":5},"nm":"Transform"}],"nm":"c","np":3,"cix":2,"bm":0,"ix":6,"mn":"ADBE Vector Group","hd":false},{"ty":"gr","it":[{"ind":0,"ty":"sh","ix":1,"ks":{"a":0,"k":{"i":[[0,-3.938],[-1.62,-1.723],[-1.949,0],[-1.641,1.846],[0,2.154],[1.579,1.805],[1.579,0]],"o":[[0,1.354],[1.354,1.415],[1.231,0],[1.21,-1.354],[0,-1.456],[-1.456,-1.641],[-5.333,0]],"v":[[74.546,-7.199],[76.372,-1.661],[81.622,0.369],[86.894,-1.743],[88.76,-7.548],[86.873,-13.127],[81.663,-15.137]],"c":true},"ix":2},"nm":"o","mn":"ADBE Vector Shape - Group","hd":false},{"ind":1,"ty":"sh","ix":2,"ks":{"a":0,"k":{"i":[[0,1.415],[-0.841,1.026],[-1.19,0],[-0.615,-1.825],[0,-0.718],[0.492,-0.738],[1.292,0],[0.451,0.615]],"o":[[0,-1.682],[0.595,-0.759],[1.518,0],[0.308,0.902],[0,2.359],[-0.595,0.923],[-1.477,0],[-0.882,-1.149]],"v":[[77.869,-7.302],[78.956,-11.609],[81.684,-12.86],[85.068,-10.235],[85.437,-7.589],[84.432,-3.343],[81.663,-1.969],[78.977,-3.159]],"c":true},"ix":2},"nm":"o","mn":"ADBE Vector Shape - Group","hd":false},{"ty":"mm","mm":1,"nm":"Merge Paths 1","mn":"ADBE Vector Filter - Merge","hd":false},{"ty":"fl","c":{"a":0,"k":[0,0,0,1],"ix":4},"o":{"a":0,"k":100,"ix":5},"r":1,"bm":0,"nm":"Fill 1","mn":"ADBE Vector Graphic - Fill","hd":false},{"ty":"tr","p":{"a":0,"k":[0,0],"ix":2},"a":{"a":0,"k":[0,0],"ix":1},"s":{"a":0,"k":[100,100],"ix":3},"r":{"a":0,"k":0,"ix":6},"o":{"a":0,"k":100,"ix":7},"sk":{"a":0,"k":0,"ix":4},"sa":{"a":0,"k":0,"ix":5},"nm":"Transform"}],"nm":"o","np":5,"cix":2,"bm":0,"ix":7,"mn":"ADBE Vector Group","hd":false},{"ty":"gr","it":[{"ind":0,"ty":"sh","ix":1,"ks":{"a":0,"k":{"i":[[0,0],[0,0],[0,0],[0,0],[0,0],[0,0],[0,0],[0,0],[0,0],[0,0]],"o":[[0,0],[0,0],[0,0],[0,0],[0,0],[0,0],[0,0],[0,0],[0,0],[0,0]],"v":[[91.007,0],[94.001,0],[94.001,-12.306],[99.744,0],[104.113,0],[104.113,-14.829],[101.159,-14.829],[101.159,-3.159],[95.601,-14.829],[91.007,-14.829]],"c":true},"ix":2},"nm":"n","mn":"ADBE Vector Shape - Group","hd":false},{"ty":"fl","c":{"a":0,"k":[0,0,0,1],"ix":4},"o":{"a":0,"k":100,"ix":5},"r":1,"bm":0,"nm":"Fill 1","mn":"ADBE Vector Graphic - Fill","hd":false},{"ty":"tr","p":{"a":0,"k":[0,0],"ix":2},"a":{"a":0,"k":[0,0],"ix":1},"s":{"a":0,"k":[100,100],"ix":3},"r":{"a":0,"k":0,"ix":6},"o":{"a":0,"k":100,"ix":7},"sk":{"a":0,"k":0,"ix":4},"sa":{"a":0,"k":0,"ix":5},"nm":"Transform"}],"nm":"n","np":3,"cix":2,"bm":0,"ix":8,"mn":"ADBE Vector Group","hd":false},{"ty":"gr","it":[{"ind":0,"ty":"sh","ix":1,"ks":{"a":0,"k":{"i":[[0,0],[0,0],[0,0],[0,0]],"o":[[0,0],[0,0],[0,0],[0,0]],"v":[[106.893,0],[109.497,0],[109.497,-2.728],[106.893,-2.728]],"c":true},"ix":2},"nm":".","mn":"ADBE Vector Shape - Group","hd":false},{"ty":"fl","c":{"a":0,"k":[0,0,0,1],"ix":4},"o":{"a":0,"k":100,"ix":5},"r":1,"bm":0,"nm":"Fill 1","mn":"ADBE Vector Graphic - Fill","hd":false},{"ty":"tr","p":{"a":0,"k":[0,0],"ix":2},"a":{"a":0,"k":[0,0],"ix":1},"s":{"a":0,"k":[100,100],"ix":3},"r":{"a":0,"k":0,"ix":6},"o":{"a":0,"k":100,"ix":7},"sk":{"a":0,"k":0,"ix":4},"sa":{"a":0,"k":0,"ix":5},"nm":"Transform"}],"nm":".","np":3,"cix":2,"bm":0,"ix":9,"mn":"ADBE Vector Group","hd":false},{"ty":"gr","it":[{"ind":0,"ty":"sh","ix":1,"ks":{"a":0,"k":{"i":[[0,0],[3.241,0],[0,-4.697],[-5.107,0],[-1.313,1.354],[-0.062,0.882],[0,0],[1.333,0],[0,0.882],[-2.359,0],[-0.062,-0.513]],"o":[[0,-2.954],[-4.164,0],[0,3.671],[1.354,0],[1.19,-1.231],[0,0],[-0.062,1.969],[-3.097,0],[0,-3.056],[2.154,0],[0,0]],"v":[[124.04,-9.989],[118.523,-14.911],[111.734,-7.097],[118.502,0.349],[122.83,-1.313],[124.163,-4.799],[120.82,-4.799],[118.154,-1.99],[115.057,-7.076],[118.4,-12.593],[120.8,-9.989]],"c":true},"ix":2},"nm":"c","mn":"ADBE Vector Shape - Group","hd":false},{"ty":"fl","c":{"a":0,"k":[0,0,0,1],"ix":4},"o":{"a":0,"k":100,"ix":5},"r":1,"bm":0,"nm":"Fill 1","mn":"ADBE Vector Graphic - Fill","hd":false},{"ty":"tr","p":{"a":0,"k":[0,0],"ix":2},"a":{"a":0,"k":[0,0],"ix":1},"s":{"a":0,"k":[100,100],"ix":3},"r":{"a":0,"k":0,"ix":6},"o":{"a":0,"k":100,"ix":7},"sk":{"a":0,"k":0,"ix":4},"sa":{"a":0,"k":0,"ix":5},"nm":"Transform"}],"nm":"c","np":3,"cix":2,"bm":0,"ix":10,"mn":"ADBE Vector Group","hd":false},{"ty":"gr","it":[{"ind":0,"ty":"sh","ix":1,"ks":{"a":0,"k":{"i":[[0,-3.938],[-1.62,-1.723],[-1.949,0],[-1.641,1.846],[0,2.154],[1.579,1.805],[1.579,0]],"o":[[0,1.354],[1.354,1.415],[1.231,0],[1.21,-1.354],[0,-1.456],[-1.456,-1.641],[-5.333,0]],"v":[[125.482,-7.199],[127.308,-1.661],[132.558,0.369],[137.829,-1.743],[139.696,-7.548],[137.809,-13.127],[132.599,-15.137]],"c":true},"ix":2},"nm":"o","mn":"ADBE Vector Shape - Group","hd":false},{"ind":1,"ty":"sh","ix":2,"ks":{"a":0,"k":{"i":[[0,1.415],[-0.841,1.026],[-1.19,0],[-0.615,-1.825],[0,-0.718],[0.492,-0.738],[1.292,0],[0.451,0.615]],"o":[[0,-1.682],[0.595,-0.759],[1.518,0],[0.308,0.902],[0,2.359],[-0.595,0.923],[-1.477,0],[-0.882,-1.149]],"v":[[128.805,-7.302],[129.892,-11.609],[132.62,-12.86],[136.004,-10.235],[136.373,-7.589],[135.368,-3.343],[132.599,-1.969],[129.912,-3.159]],"c":true},"ix":2},"nm":"o","mn":"ADBE Vector Shape - Group","hd":false},{"ty":"mm","mm":1,"nm":"Merge Paths 1","mn":"ADBE Vector Filter - Merge","hd":false},{"ty":"fl","c":{"a":0,"k":[0,0,0,1],"ix":4},"o":{"a":0,"k":100,"ix":5},"r":1,"bm":0,"nm":"Fill 1","mn":"ADBE Vector Graphic - Fill","hd":false},{"ty":"tr","p":{"a":0,"k":[0,0],"ix":2},"a":{"a":0,"k":[0,0],"ix":1},"s":{"a":0,"k":[100,100],"ix":3},"r":{"a":0,"k":0,"ix":6},"o":{"a":0,"k":100,"ix":7},"sk":{"a":0,"k":0,"ix":4},"sa":{"a":0,"k":0,"ix":5},"nm":"Transform"}],"nm":"o","np":5,"cix":2,"bm":0,"ix":11,"mn":"ADBE Vector Group","hd":false},{"ty":"gr","it":[{"ind":0,"ty":"sh","ix":1,"ks":{"a":0,"k":{"i":[[0,0],[0,0],[0,0],[0,0],[0,0],[0,0],[0,0],[0,0],[0,0],[0,0],[0,0],[0,0],[0,0]],"o":[[0,0],[0,0],[0,0],[0,0],[0,0],[0,0],[0,0],[0,0],[0,0],[0,0],[0,0],[0,0],[0,0]],"v":[[141.696,0],[144.67,0],[144.67,-12.716],[148.629,0],[151.254,0],[155.295,-12.716],[155.295,0],[158.453,0],[158.453,-14.829],[153.408,-14.829],[150.024,-4.041],[146.885,-14.829],[141.696,-14.829]],"c":true},"ix":2},"nm":"m","mn":"ADBE Vector Shape - Group","hd":false},{"ty":"fl","c":{"a":0,"k":[0,0,0,1],"ix":4},"o":{"a":0,"k":100,"ix":5},"r":1,"bm":0,"nm":"Fill 1","mn":"ADBE Vector Graphic - Fill","hd":false},{"ty":"tr","p":{"a":0,"k":[0,0],"ix":2},"a":{"a":0,"k":[0,0],"ix":1},"s":{"a":0,"k":[100,100],"ix":3},"r":{"a":0,"k":0,"ix":6},"o":{"a":0,"k":100,"ix":7},"sk":{"a":0,"k":0,"ix":4},"sa":{"a":0,"k":0,"ix":5},"nm":"Transform"}],"nm":"m","np":3,"cix":2,"bm":0,"ix":12,"mn":"ADBE Vector Group","hd":false}],"ip":2.5,"op":25,"st":0,"bm":0},{"ddd":0,"ind":3,"ty":3,"nm":"Color  & Stroke Change","sr":1,"ks":{"o":{"a":0,"k":0,"ix":11},"r":{"a":0,"k":0,"ix":10},"p":{"a":0,"k":[0,0],"ix":2,"l":2},"a":{"a":0,"k":[0,0,0],"ix":1,"l":2},"s":{"a":0,"k":[100,100,100],"ix":6,"l":2}},"ao":0,"ef":[{"ty":5,"nm":"Primary","np":3,"mn":"ADBE Color Control","ix":1,"en":1,"ef":[{"ty":2,"nm":"Color","mn":"ADBE Color Control-0001","ix":1,"v":{"a":0,"k":[0.227,0.2,0.278],"ix":1}}]},{"ty":5,"nm":"Secondary","np":3,"mn":"ADBE Color Control","ix":2,"en":1,"ef":[{"ty":2,"nm":"Color","mn":"ADBE Color Control-0001","ix":1,"v":{"a":0,"k":[0.573,0.078,0.047],"ix":1}}]},{"ty":5,"nm":"Tertiary","np":3,"mn":"ADBE Color Control","ix":3,"en":1,"ef":[{"ty":2,"nm":"Color","mn":"ADBE Color Control-0001","ix":1,"v":{"a":0,"k":[0.698,0.408,0.212],"ix":1}}]},{"ty":5,"nm":"Quaternary","np":3,"mn":"ADBE Color Control","ix":4,"en":1,"ef":[{"ty":2,"nm":"Color","mn":"ADBE Color Control-0001","ix":1,"v":{"a":0,"k":[0.922,0.902,0.937],"ix":1}}]},{"ty":5,"nm":"Axis","np":3,"mn":"ADBE Point Control","ix":5,"en":1,"ef":[{"ty":3,"nm":"Point","mn":"ADBE Point Control-0001","ix":1,"v":{"a":0,"k":[250,250],"ix":1}}]},{"ty":5,"nm":"Scale","np":3,"mn":"ADBE Slider Control","ix":6,"en":1,"ef":[{"ty":0,"nm":"Slider","mn":"ADBE Slider Control-0001","ix":1,"v":{"a":0,"k":100,"ix":1}}]}],"ip":0,"op":300,"st":0,"bm":0},{"ddd":0,"ind":4,"ty":3,"nm":"NULL","sr":1,"ks":{"o":{"a":0,"k":0,"ix":11},"r":{"a":0,"k":0,"ix":10},"p":{"a":0,"k":[250,250,0],"ix":2,"l":2,"x":"var $bm_rt;\n$bm_rt = thisComp.layer('Color  & Stroke Change').effect('Axis')('Point');"},"a":{"a":0,"k":[60,60,0],"ix":1,"l":2},"s":{"a":0,"k":[100,100,100],"ix":6,"l":2,"x":"var $bm_rt;\nvar temp;\ntemp = thisComp.layer('Color  & Stroke Change').effect('Scale')('Slider');\n$bm_rt = [\n    temp,\n    temp\n];"}},"ao":0,"ip":0,"op":300,"st":0,"bm":0},{"ddd":0,"ind":6,"ty":4,"nm":"Warstwa 3","parent":7,"sr":1,"ks":{"o":{"a":0,"k":100,"ix":11},"r":{"a":0,"k":0,"ix":10},"p":{"a":0,"k":[250.636,222.746,0],"ix":2,"l":2},"a":{"a":0,"k":[261.136,229.246,0],"ix":1,"l":2},"s":{"a":0,"k":[100,100,100],"ix":6,"l":2}},"ao":0,"shapes":[{"ty":"gr","it":[{"ind":0,"ty":"sh","ix":1,"ks":{"a":1,"k":[{"i":{"x":0.667,"y":1},"o":{"x":0.333,"y":0},"t":0,"s":[{"i":[[-7.26,0],[0,0],[0,7.27],[0,0],[-7.26,0],[0,0],[0,-7.27],[0,0]],"o":[[0,0],[-7.26,0],[0,0],[0,-7.27],[0,0],[-7.26,0],[0,0],[0,7.27]],"v":[[16.005,21.185],[-2.795,21.185],[-16.005,7.975],[-16.005,-7.975],[-2.795,-21.185],[16.005,-21.185],[2.805,-7.975],[2.805,7.975]],"c":true}]},{"t":101,"s":[{"i":[[-7.26,0],[0,0],[0,7.27],[0,0],[-7.26,0],[0,0],[0,-7.27],[0,0]],"o":[[0,0],[-7.26,0],[0,0],[0,-7.27],[0,0],[-7.26,0],[0,0],[0,7.27]],"v":[[16.005,21.185],[-2.795,21.185],[-16.005,7.975],[-16.005,-7.975],[-2.795,-21.185],[16.005,-21.185],[2.805,-7.975],[2.805,7.975]],"c":true}]}],"ix":2},"nm":"Path 1","mn":"ADBE Vector Shape - Group","hd":false},{"ty":"fl","c":{"a":0,"k":[0.698039233685,0.407843142748,0.211764708161,1],"ix":4,"x":"var $bm_rt;\n$bm_rt = thisComp.layer('Color  & Stroke Change').effect('Tertiary')('Color');"},"o":{"a":0,"k":100,"ix":5},"r":1,"bm":0,"nm":"Fill 1","mn":"ADBE Vector Graphic - Fill","hd":false},{"ty":"tr","p":{"a":0,"k":[155.354,198.934],"ix":2},"a":{"a":0,"k":[0,0],"ix":1},"s":{"a":0,"k":[100,100],"ix":3},"r":{"a":0,"k":0,"ix":6},"o":{"a":0,"k":50,"ix":7},"sk":{"a":0,"k":0,"ix":4},"sa":{"a":0,"k":0,"ix":5},"nm":"Transform"}],"nm":"Group 1","np":2,"cix":2,"bm":1,"ix":1,"mn":"ADBE Vector Group","hd":false},{"ty":"gr","it":[{"ind":0,"ty":"sh","ix":1,"ks":{"a":1,"k":[{"i":{"x":0.667,"y":1},"o":{"x":0.333,"y":0},"t":0,"s":[{"i":[[0,0],[0,0],[0.834,0.797],[-0.312,1.089],[0,0]],"o":[[0,0],[-1.062,-0.699],[-0.819,-0.783],[0,0],[0,0]],"v":[[9.486,-26.45],[-5.674,26.45],[-8.526,24.206],[-9.371,21.175],[4.266,-26.45]],"c":true}]},{"i":{"x":0.667,"y":1},"o":{"x":0.333,"y":0},"t":3,"s":[{"i":[[0,0],[0,0],[0.876,0.774],[-0.292,1.097],[0,0]],"o":[[0,0],[-1.108,-0.671],[-0.861,-0.761],[0,0],[0,0]],"v":[[9.486,-26.45],[-1.879,28.123],[-4.865,25.955],[-5.81,22.947],[4.266,-26.45]],"c":true}]},{"i":{"x":0.667,"y":1},"o":{"x":0.333,"y":0},"t":8,"s":[{"i":[[0,0],[0,0],[0.834,0.797],[-0.312,1.089],[0,0]],"o":[[0,0],[-1.062,-0.699],[-0.819,-0.783],[0,0],[0,0]],"v":[[9.486,-26.45],[-8.362,24.7],[-11.214,22.456],[-12.059,19.425],[4.266,-26.45]],"c":true}]},{"i":{"x":0.667,"y":1},"o":{"x":0.333,"y":0},"t":13,"s":[{"i":[[0,0],[0,0],[0.834,0.797],[-0.312,1.089],[0,0]],"o":[[0,0],[-1.062,-0.699],[-0.819,-0.783],[0,0],[0,0]],"v":[[9.486,-26.45],[-5.612,26.637],[-8.464,24.393],[-9.309,21.362],[4.266,-26.45]],"c":true}]},{"i":{"x":0.667,"y":1},"o":{"x":0.333,"y":0},"t":16,"s":[{"i":[[0,0],[0,0],[0.834,0.797],[-0.312,1.089],[0,0]],"o":[[0,0],[-1.062,-0.699],[-0.819,-0.783],[0,0],[0,0]],"v":[[9.486,-26.45],[-1.237,29.262],[-4.089,27.018],[-4.934,23.987],[4.266,-26.45]],"c":true}]},{"i":{"x":0.667,"y":1},"o":{"x":0.333,"y":0},"t":21,"s":[{"i":[[0,0],[0,0],[0.834,0.797],[-0.312,1.089],[0,0]],"o":[[0,0],[-1.062,-0.699],[-0.819,-0.783],[0,0],[0,0]],"v":[[9.486,-26.45],[-8.487,24.762],[-11.339,22.518],[-12.184,19.487],[4.266,-26.45]],"c":true}]},{"i":{"x":0.667,"y":1},"o":{"x":0.333,"y":0},"t":26,"s":[{"i":[[0,0],[0,0],[0.834,0.797],[-0.312,1.089],[0,0]],"o":[[0,0],[-1.062,-0.699],[-0.819,-0.783],[0,0],[0,0]],"v":[[9.486,-26.45],[-5.924,25.95],[-8.776,23.706],[-9.621,20.675],[4.266,-26.45]],"c":true}]},{"i":{"x":0.667,"y":1},"o":{"x":0.333,"y":0},"t":29,"s":[{"i":[[0,0],[0,0],[0.834,0.797],[-0.312,1.089],[0,0]],"o":[[0,0],[-1.062,-0.699],[-0.819,-0.783],[0,0],[0,0]],"v":[[9.486,-26.45],[-0.924,28.637],[-3.776,26.393],[-4.621,23.362],[4.266,-26.45]],"c":true}]},{"i":{"x":0.667,"y":1},"o":{"x":0.333,"y":0},"t":34,"s":[{"i":[[0,0],[0,0],[0.834,0.797],[-0.312,1.089],[0,0]],"o":[[0,0],[-1.062,-0.699],[-0.819,-0.783],[0,0],[0,0]],"v":[[9.486,-26.45],[-8.737,24.7],[-11.589,22.456],[-12.434,19.425],[4.266,-26.45]],"c":true}]},{"i":{"x":0.667,"y":1},"o":{"x":0.333,"y":0},"t":39,"s":[{"i":[[0,0],[0,0],[0.834,0.797],[-0.312,1.089],[0,0]],"o":[[0,0],[-1.062,-0.699],[-0.819,-0.783],[0,0],[0,0]],"v":[[9.486,-26.45],[-6.112,25.95],[-8.964,23.706],[-9.809,20.675],[4.266,-26.45]],"c":true}]},{"i":{"x":0.667,"y":1},"o":{"x":0.333,"y":0},"t":42,"s":[{"i":[[0,0],[0,0],[0.834,0.797],[-0.312,1.089],[0,0]],"o":[[0,0],[-1.062,-0.699],[-0.819,-0.783],[0,0],[0,0]],"v":[[9.486,-26.45],[-0.799,28.325],[-3.651,26.081],[-4.496,23.05],[4.266,-26.45]],"c":true}]},{"i":{"x":0.667,"y":1},"o":{"x":0.333,"y":0},"t":47,"s":[{"i":[[0,0],[0,0],[0.834,0.797],[-0.312,1.089],[0,0]],"o":[[0,0],[-1.062,-0.699],[-0.819,-0.783],[0,0],[0,0]],"v":[[9.486,-26.45],[-8.299,24.387],[-11.151,22.143],[-11.996,19.112],[4.266,-26.45]],"c":true}]},{"i":{"x":0.667,"y":1},"o":{"x":0.333,"y":0},"t":52,"s":[{"i":[[0,0],[0,0],[0.834,0.797],[-0.312,1.089],[0,0]],"o":[[0,0],[-1.062,-0.699],[-0.819,-0.783],[0,0],[0,0]],"v":[[9.486,-26.45],[-4.987,25.95],[-7.839,23.706],[-8.684,20.675],[4.266,-26.45]],"c":true}]},{"i":{"x":0.667,"y":1},"o":{"x":0.333,"y":0},"t":55,"s":[{"i":[[0,0],[0,0],[0.834,0.797],[-0.312,1.089],[0,0]],"o":[[0,0],[-1.062,-0.699],[-0.819,-0.783],[0,0],[0,0]],"v":[[9.486,-26.45],[-0.112,27.762],[-2.964,25.518],[-3.809,22.487],[4.266,-26.45]],"c":true}]},{"i":{"x":0.667,"y":1},"o":{"x":0.333,"y":0},"t":60,"s":[{"i":[[0,0],[0,0],[0.834,0.797],[-0.312,1.089],[0,0]],"o":[[0,0],[-1.062,-0.699],[-0.819,-0.783],[0,0],[0,0]],"v":[[9.486,-26.45],[-8.549,24.075],[-11.401,21.831],[-12.246,18.8],[4.266,-26.45]],"c":true}]},{"i":{"x":0.667,"y":1},"o":{"x":0.333,"y":0},"t":65,"s":[{"i":[[0,0],[0,0],[0.834,0.797],[-0.312,1.089],[0,0]],"o":[[0,0],[-1.062,-0.699],[-0.819,-0.783],[0,0],[0,0]],"v":[[9.486,-26.45],[-5.799,25.7],[-8.651,23.456],[-9.496,20.425],[4.266,-26.45]],"c":true}]},{"i":{"x":0.667,"y":1},"o":{"x":0.333,"y":0},"t":68,"s":[{"i":[[0,0],[0,0],[0.834,0.797],[-0.312,1.089],[0,0]],"o":[[0,0],[-1.062,-0.699],[-0.819,-0.783],[0,0],[0,0]],"v":[[9.486,-26.45],[-0.674,28.2],[-3.526,25.956],[-4.371,22.925],[4.266,-26.45]],"c":true}]},{"i":{"x":0.667,"y":1},"o":{"x":0.333,"y":0},"t":73,"s":[{"i":[[0,0],[0,0],[0.834,0.797],[-0.312,1.089],[0,0]],"o":[[0,0],[-1.062,-0.699],[-0.819,-0.783],[0,0],[0,0]],"v":[[9.486,-26.45],[-8.924,24.325],[-11.776,22.081],[-12.621,19.05],[4.266,-26.45]],"c":true}]},{"i":{"x":0.667,"y":1},"o":{"x":0.333,"y":0},"t":78,"s":[{"i":[[0,0],[0,0],[0.834,0.797],[-0.312,1.089],[0,0]],"o":[[0,0],[-1.062,-0.699],[-0.819,-0.783],[0,0],[0,0]],"v":[[9.486,-26.45],[-4.737,26.075],[-7.589,23.831],[-8.434,20.8],[4.266,-26.45]],"c":true}]},{"i":{"x":0.667,"y":1},"o":{"x":0.333,"y":0},"t":85,"s":[{"i":[[0,0],[0,0],[0.834,0.797],[-0.312,1.089],[0,0]],"o":[[0,0],[-1.062,-0.699],[-0.819,-0.783],[0,0],[0,0]],"v":[[9.486,-26.45],[-4.737,26.075],[-7.589,23.831],[-8.434,20.8],[4.266,-26.45]],"c":true}]},{"i":{"x":0.667,"y":1},"o":{"x":0.333,"y":0},"t":88,"s":[{"i":[[0,0],[0,0],[0.834,0.797],[-0.312,1.089],[0,0]],"o":[[0,0],[-1.062,-0.699],[-0.819,-0.783],[0,0],[0,0]],"v":[[9.486,-26.45],[-0.612,28.012],[-3.464,25.768],[-4.309,22.737],[4.266,-26.45]],"c":true}]},{"i":{"x":0.667,"y":1},"o":{"x":0.333,"y":0},"t":93,"s":[{"i":[[0,0],[0,0],[0.834,0.797],[-0.312,1.089],[0,0]],"o":[[0,0],[-1.062,-0.699],[-0.819,-0.783],[0,0],[0,0]],"v":[[9.486,-26.45],[-8.237,24.262],[-11.089,22.018],[-11.934,18.987],[4.266,-26.45]],"c":true}]},{"i":{"x":0.667,"y":1},"o":{"x":0.333,"y":0},"t":98,"s":[{"i":[[0,0],[0,0],[0.834,0.797],[-0.312,1.089],[0,0]],"o":[[0,0],[-1.062,-0.699],[-0.819,-0.783],[0,0],[0,0]],"v":[[9.486,-26.45],[-6.362,25.887],[-9.214,23.643],[-10.059,20.612],[4.266,-26.45]],"c":true}]},{"t":101,"s":[{"i":[[0,0],[0,0],[0.834,0.797],[-0.312,1.089],[0,0]],"o":[[0,0],[-1.062,-0.699],[-0.819,-0.783],[0,0],[0,0]],"v":[[9.486,-26.45],[-6.362,25.887],[-9.214,23.643],[-10.059,20.612],[4.266,-26.45]],"c":true}]}],"ix":2},"nm":"Path 1","mn":"ADBE Vector Shape - Group","hd":false},{"ty":"fl","c":{"a":0,"k":[0.698039233685,0.407843142748,0.211764708161,1],"ix":4,"x":"var $bm_rt;\n$bm_rt = thisComp.layer('Color  & Stroke Change').effect('Tertiary')('Color');"},"o":{"a":0,"k":100,"ix":5},"r":1,"bm":0,"nm":"Fill 1","mn":"ADBE Vector Graphic - Fill","hd":false},{"ty":"tr","p":{"a":0,"k":[231.914,246.57],"ix":2},"a":{"a":0,"k":[0,0],"ix":1},"s":{"a":0,"k":[100,100],"ix":3},"r":{"a":0,"k":0,"ix":6},"o":{"a":0,"k":50,"ix":7},"sk":{"a":0,"k":0,"ix":4},"sa":{"a":0,"k":0,"ix":5},"nm":"Transform"}],"nm":"Group 2","np":2,"cix":2,"bm":1,"ix":2,"mn":"ADBE Vector Group","hd":false},{"ty":"gr","it":[{"ind":0,"ty":"sh","ix":1,"ks":{"a":1,"k":[{"i":{"x":0.667,"y":1},"o":{"x":0.333,"y":0},"t":0,"s":[{"i":[[0,-7.27],[0,0],[7.27,0],[0,0],[0,0],[0.77,-0.75],[13.78,13.43],[-0.3,1.04],[0,0],[0,0],[0,7.27],[0,0],[-7.26,0],[0,0]],"o":[[0,0],[0,7.27],[0,0],[0,0],[0.29,1.04],[-13.79,13.43],[-0.78,-0.75],[0,0],[0,0],[-7.26,0],[0,0],[0,-7.27],[0,0],[7.27,0]],"v":[[121.785,-38.286],[121.785,-22.336],[108.575,-9.126],[24.945,-9.126],[38.595,38.494],[37.855,41.424],[-37.855,41.424],[-38.595,38.494],[-24.955,-9.126],[-108.585,-9.126],[-121.785,-22.336],[-121.785,-38.286],[-108.585,-51.496],[108.575,-51.496]],"c":true}]},{"i":{"x":0.667,"y":1},"o":{"x":0.333,"y":0},"t":3,"s":[{"i":[[0,-7.27],[0,0],[7.27,0],[0,0],[0,0],[0.771,-0.77],[14.579,12.963],[-0.281,1.048],[0,0],[0,0],[0,7.27],[0,0],[-7.26,0],[0,0]],"o":[[0,0],[0,7.27],[0,0],[0,0],[0.325,1.032],[-13.809,13.79],[-0.82,-0.729],[0,0],[0,0],[-7.26,0],[0,0],[0,-7.27],[0,0],[7.27,0]],"v":[[121.785,-38.286],[121.785,-22.336],[108.575,-9.126],[24.945,-9.126],[42.7,36.476],[42.016,39.424],[-34.199,43.176],[-35.034,40.267],[-24.955,-9.126],[-108.585,-9.126],[-121.785,-22.336],[-121.785,-38.286],[-108.585,-51.496],[108.575,-51.496]],"c":true}]},{"i":{"x":0.667,"y":1},"o":{"x":0.333,"y":0},"t":8,"s":[{"i":[[0,-7.27],[0,0],[7.27,0],[0,0],[0,0],[0.77,-0.75],[13.78,13.43],[-0.3,1.04],[0,0],[0,0],[0,7.27],[0,0],[-7.26,0],[0,0]],"o":[[0,0],[0,7.27],[0,0],[0,0],[0.29,1.04],[-13.79,13.43],[-0.78,-0.75],[0,0],[0,0],[-7.26,0],[0,0],[0,-7.27],[0,0],[7.27,0]],"v":[[121.785,-38.286],[121.785,-22.336],[108.575,-9.126],[24.945,-9.126],[35.907,39.619],[35.167,42.549],[-40.542,39.674],[-41.282,36.744],[-24.955,-9.126],[-108.585,-9.126],[-121.785,-22.336],[-121.785,-38.286],[-108.585,-51.496],[108.575,-51.496]],"c":true}]},{"i":{"x":0.667,"y":1},"o":{"x":0.333,"y":0},"t":13,"s":[{"i":[[0,-7.27],[0,0],[7.27,0],[0,0],[0,0],[0.77,-0.75],[13.78,13.43],[-0.3,1.04],[0,0],[0,0],[0,7.27],[0,0],[-7.26,0],[0,0]],"o":[[0,0],[0,7.27],[0,0],[0,0],[0.29,1.04],[-13.79,13.43],[-0.78,-0.75],[0,0],[0,0],[-7.26,0],[0,0],[0,-7.27],[0,0],[7.27,0]],"v":[[121.785,-38.286],[121.785,-22.336],[108.575,-9.126],[24.945,-9.126],[38.657,37.994],[37.917,40.924],[-37.792,41.611],[-38.532,38.681],[-24.955,-9.126],[-108.585,-9.126],[-121.785,-22.336],[-121.785,-38.286],[-108.585,-51.496],[108.575,-51.496]],"c":true}]},{"i":{"x":0.667,"y":1},"o":{"x":0.333,"y":0},"t":16,"s":[{"i":[[0,-7.27],[0,0],[7.27,0],[0,0],[0,0],[0.77,-0.75],[13.78,13.43],[-0.3,1.04],[0,0],[0,0],[0,7.27],[0,0],[-7.26,0],[0,0]],"o":[[0,0],[0,7.27],[0,0],[0,0],[0.29,1.04],[-13.79,13.43],[-0.78,-0.75],[0,0],[0,0],[-7.26,0],[0,0],[0,-7.27],[0,0],[7.27,0]],"v":[[121.785,-38.286],[121.785,-22.336],[108.575,-9.126],[24.945,-9.126],[43.47,34.931],[42.73,37.861],[-33.417,44.236],[-34.157,41.306],[-24.955,-9.126],[-108.585,-9.126],[-121.785,-22.336],[-121.785,-38.286],[-108.585,-51.496],[108.575,-51.496]],"c":true}]},{"i":{"x":0.667,"y":1},"o":{"x":0.333,"y":0},"t":21,"s":[{"i":[[0,-7.27],[0,0],[7.27,0],[0,0],[0,0],[0.77,-0.75],[13.78,13.43],[-0.3,1.04],[0,0],[0,0],[0,7.27],[0,0],[-7.26,0],[0,0]],"o":[[0,0],[0,7.27],[0,0],[0,0],[0.29,1.04],[-13.79,13.43],[-0.78,-0.75],[0,0],[0,0],[-7.26,0],[0,0],[0,-7.27],[0,0],[7.27,0]],"v":[[121.785,-38.286],[121.785,-22.336],[108.575,-9.126],[24.945,-9.126],[35.97,39.431],[35.23,42.361],[-40.667,39.736],[-41.407,36.806],[-24.955,-9.126],[-108.585,-9.126],[-121.785,-22.336],[-121.785,-38.286],[-108.585,-51.496],[108.575,-51.496]],"c":true}]},{"i":{"x":0.667,"y":1},"o":{"x":0.333,"y":0},"t":26,"s":[{"i":[[0,-7.27],[0,0],[7.27,0],[0,0],[0,0],[0.77,-0.75],[13.78,13.43],[-0.3,1.04],[0,0],[0,0],[0,7.27],[0,0],[-7.26,0],[0,0]],"o":[[0,0],[0,7.27],[0,0],[0,0],[0.29,1.04],[-13.79,13.43],[-0.78,-0.75],[0,0],[0,0],[-7.26,0],[0,0],[0,-7.27],[0,0],[7.27,0]],"v":[[121.785,-38.286],[121.785,-22.336],[108.575,-9.126],[24.945,-9.126],[38.532,37.931],[37.792,40.861],[-38.105,40.924],[-38.845,37.994],[-24.955,-9.126],[-108.585,-9.126],[-121.785,-22.336],[-121.785,-38.286],[-108.585,-51.496],[108.575,-51.496]],"c":true}]},{"i":{"x":0.667,"y":1},"o":{"x":0.333,"y":0},"t":29,"s":[{"i":[[0,-7.27],[0,0],[7.27,0],[0,0],[0,0],[0.77,-0.75],[13.78,13.43],[-0.3,1.04],[0,0],[0,0],[0,7.27],[0,0],[-7.26,0],[0,0]],"o":[[0,0],[0,7.27],[0,0],[0,0],[0.29,1.04],[-13.79,13.43],[-0.78,-0.75],[0,0],[0,0],[-7.26,0],[0,0],[0,-7.27],[0,0],[7.27,0]],"v":[[121.785,-38.286],[121.785,-22.336],[108.575,-9.126],[24.945,-9.126],[42.032,36.181],[41.292,39.111],[-33.105,43.611],[-33.845,40.681],[-24.955,-9.126],[-108.585,-9.126],[-121.785,-22.336],[-121.785,-38.286],[-108.585,-51.496],[108.575,-51.496]],"c":true}]},{"i":{"x":0.667,"y":1},"o":{"x":0.333,"y":0},"t":34,"s":[{"i":[[0,-7.27],[0,0],[7.27,0],[0,0],[0,0],[0.77,-0.75],[13.78,13.43],[-0.3,1.04],[0,0],[0,0],[0,7.27],[0,0],[-7.26,0],[0,0]],"o":[[0,0],[0,7.27],[0,0],[0,0],[0.29,1.04],[-13.79,13.43],[-0.78,-0.75],[0,0],[0,0],[-7.26,0],[0,0],[0,-7.27],[0,0],[7.27,0]],"v":[[121.785,-38.286],[121.785,-22.336],[108.575,-9.126],[24.945,-9.126],[35.282,39.619],[34.542,42.549],[-40.917,39.674],[-41.657,36.744],[-24.955,-9.126],[-108.585,-9.126],[-121.785,-22.336],[-121.785,-38.286],[-108.585,-51.496],[108.575,-51.496]],"c":true}]},{"i":{"x":0.667,"y":1},"o":{"x":0.333,"y":0},"t":39,"s":[{"i":[[0,-7.27],[0,0],[7.27,0],[0,0],[0,0],[0.77,-0.75],[13.78,13.43],[-0.3,1.04],[0,0],[0,0],[0,7.27],[0,0],[-7.26,0],[0,0]],"o":[[0,0],[0,7.27],[0,0],[0,0],[0.29,1.04],[-13.79,13.43],[-0.78,-0.75],[0,0],[0,0],[-7.26,0],[0,0],[0,-7.27],[0,0],[7.27,0]],"v":[[121.785,-38.286],[121.785,-22.336],[108.575,-9.126],[24.945,-9.126],[37.907,37.744],[37.167,40.674],[-38.292,40.924],[-39.032,37.994],[-24.955,-9.126],[-108.585,-9.126],[-121.785,-22.336],[-121.785,-38.286],[-108.585,-51.496],[108.575,-51.496]],"c":true}]},{"i":{"x":0.667,"y":1},"o":{"x":0.333,"y":0},"t":42,"s":[{"i":[[0,-7.27],[0,0],[7.27,0],[0,0],[0,0],[0.754,-0.766],[13.78,13.43],[-0.3,1.04],[0,0],[0,0],[0,7.27],[0,0],[-7.26,0],[0,0]],"o":[[0,0],[0,7.27],[0,0],[0,0],[0.29,1.04],[-15.206,15.455],[-0.78,-0.75],[0,0],[0,0],[-7.26,0],[0,0],[0,-7.27],[0,0],[7.27,0]],"v":[[121.785,-38.286],[121.785,-22.336],[108.575,-9.126],[24.945,-9.126],[43.032,35.119],[42.292,38.049],[-32.98,43.299],[-33.72,40.369],[-24.955,-9.126],[-108.585,-9.126],[-121.785,-22.336],[-121.785,-38.286],[-108.585,-51.496],[108.575,-51.496]],"c":true}]},{"i":{"x":0.667,"y":1},"o":{"x":0.333,"y":0},"t":47,"s":[{"i":[[0,-7.27],[0,0],[7.27,0],[0,0],[0,0],[0.746,-0.774],[13.78,13.43],[-0.3,1.04],[0,0],[0,0],[0,7.27],[0,0],[-7.26,0],[0,0]],"o":[[0,0],[0,7.27],[0,0],[0,0],[0.29,1.04],[-13.462,13.955],[-0.78,-0.75],[0,0],[0,0],[-7.26,0],[0,0],[0,-7.27],[0,0],[7.27,0]],"v":[[121.785,-38.286],[121.785,-22.336],[108.575,-9.126],[24.945,-9.126],[34.032,39.369],[33.292,42.299],[-40.48,39.361],[-41.22,36.431],[-24.955,-9.126],[-108.585,-9.126],[-121.785,-22.336],[-121.785,-38.286],[-108.585,-51.496],[108.575,-51.496]],"c":true}]},{"i":{"x":0.667,"y":1},"o":{"x":0.333,"y":0},"t":52,"s":[{"i":[[0,-7.27],[0,0],[7.27,0],[0,0],[0,0],[0.746,-0.774],[13.78,13.43],[-0.3,1.04],[0,0],[0,0],[0,7.27],[0,0],[-7.26,0],[0,0]],"o":[[0,0],[0,7.27],[0,0],[0,0],[0.29,1.04],[-13.462,13.955],[-0.78,-0.75],[0,0],[0,0],[-7.26,0],[0,0],[0,-7.27],[0,0],[7.27,0]],"v":[[121.785,-38.286],[121.785,-22.336],[108.575,-9.126],[24.945,-9.126],[37.345,37.744],[36.605,40.674],[-37.167,40.924],[-37.907,37.994],[-24.955,-9.126],[-108.585,-9.126],[-121.785,-22.336],[-121.785,-38.286],[-108.585,-51.496],[108.575,-51.496]],"c":true}]},{"i":{"x":0.667,"y":1},"o":{"x":0.333,"y":0},"t":55,"s":[{"i":[[0,-7.27],[0,0],[7.27,0],[0,0],[0,0],[0.746,-0.774],[13.78,13.43],[-0.3,1.04],[0,0],[0,0],[0,7.27],[0,0],[-7.26,0],[0,0]],"o":[[0,0],[0,7.27],[0,0],[0,0],[0.29,1.04],[-13.462,13.955],[-0.78,-0.75],[0,0],[0,0],[-7.26,0],[0,0],[0,-7.27],[0,0],[7.27,0]],"v":[[121.785,-38.286],[121.785,-22.336],[108.575,-9.126],[24.945,-9.126],[42.22,35.494],[41.48,38.424],[-32.292,42.736],[-33.032,39.806],[-24.955,-9.126],[-108.585,-9.126],[-121.785,-22.336],[-121.785,-38.286],[-108.585,-51.496],[108.575,-51.496]],"c":true}]},{"i":{"x":0.667,"y":1},"o":{"x":0.333,"y":0},"t":60,"s":[{"i":[[0,-7.27],[0,0],[7.27,0],[0,0],[0,0],[0.746,-0.774],[13.78,13.43],[-0.3,1.04],[0,0],[0,0],[0,7.27],[0,0],[-7.26,0],[0,0]],"o":[[0,0],[0,7.27],[0,0],[0,0],[0.29,1.04],[-13.462,13.955],[-0.78,-0.75],[0,0],[0,0],[-7.26,0],[0,0],[0,-7.27],[0,0],[7.27,0]],"v":[[121.785,-38.286],[121.785,-22.336],[108.575,-9.126],[24.945,-9.126],[35.282,38.994],[34.542,41.924],[-40.73,39.049],[-41.47,36.119],[-24.955,-9.126],[-108.585,-9.126],[-121.785,-22.336],[-121.785,-38.286],[-108.585,-51.496],[108.575,-51.496]],"c":true}]},{"i":{"x":0.667,"y":1},"o":{"x":0.333,"y":0},"t":65,"s":[{"i":[[0,-7.27],[0,0],[7.27,0],[0,0],[0,0],[0.746,-0.774],[13.78,13.43],[-0.3,1.04],[0,0],[0,0],[0,7.27],[0,0],[-7.26,0],[0,0]],"o":[[0,0],[0,7.27],[0,0],[0,0],[0.29,1.04],[-13.462,13.955],[-0.78,-0.75],[0,0],[0,0],[-7.26,0],[0,0],[0,-7.27],[0,0],[7.27,0]],"v":[[121.785,-38.286],[121.785,-22.336],[108.575,-9.126],[24.945,-9.126],[38.032,37.869],[37.292,40.799],[-37.98,40.674],[-38.72,37.744],[-24.955,-9.126],[-108.585,-9.126],[-121.785,-22.336],[-121.785,-38.286],[-108.585,-51.496],[108.575,-51.496]],"c":true}]},{"i":{"x":0.667,"y":1},"o":{"x":0.333,"y":0},"t":68,"s":[{"i":[[0,-7.27],[0,0],[7.27,0],[0,0],[0,0],[0.746,-0.774],[13.78,13.43],[-0.3,1.04],[0,0],[0,0],[0,7.27],[0,0],[-7.26,0],[0,0]],"o":[[0,0],[0,7.27],[0,0],[0,0],[0.29,1.04],[-13.462,13.955],[-0.78,-0.75],[0,0],[0,0],[-7.26,0],[0,0],[0,-7.27],[0,0],[7.27,0]],"v":[[121.785,-38.286],[121.785,-22.336],[108.575,-9.126],[24.945,-9.126],[42.657,34.869],[41.917,37.799],[-32.855,43.174],[-33.595,40.244],[-24.955,-9.126],[-108.585,-9.126],[-121.785,-22.336],[-121.785,-38.286],[-108.585,-51.496],[108.575,-51.496]],"c":true}]},{"i":{"x":0.667,"y":1},"o":{"x":0.333,"y":0},"t":73,"s":[{"i":[[0,-7.27],[0,0],[7.27,0],[0,0],[0,0],[0.746,-0.774],[13.78,13.43],[-0.3,1.04],[0,0],[0,0],[0,7.27],[0,0],[-7.26,0],[0,0]],"o":[[0,0],[0,7.27],[0,0],[0,0],[0.29,1.04],[-13.462,13.955],[-0.78,-0.75],[0,0],[0,0],[-7.26,0],[0,0],[0,-7.27],[0,0],[7.27,0]],"v":[[121.785,-38.286],[121.785,-22.336],[108.575,-9.126],[24.945,-9.126],[35.407,39.619],[34.667,42.549],[-41.105,39.299],[-41.845,36.369],[-24.955,-9.126],[-108.585,-9.126],[-121.785,-22.336],[-121.785,-38.286],[-108.585,-51.496],[108.575,-51.496]],"c":true}]},{"i":{"x":0.667,"y":1},"o":{"x":0.333,"y":0},"t":78,"s":[{"i":[[0,-7.27],[0,0],[7.27,0],[0,0],[0,0],[0.746,-0.774],[13.78,13.43],[-0.3,1.04],[0,0],[0,0],[0,7.27],[0,0],[-7.26,0],[0,0]],"o":[[0,0],[0,7.27],[0,0],[0,0],[0.29,1.04],[-13.462,13.955],[-0.78,-0.75],[0,0],[0,0],[-7.26,0],[0,0],[0,-7.27],[0,0],[7.27,0]],"v":[[121.785,-38.286],[121.785,-22.336],[108.575,-9.126],[24.945,-9.126],[37.407,37.056],[36.667,39.986],[-36.917,41.049],[-37.657,38.119],[-24.955,-9.126],[-108.585,-9.126],[-121.785,-22.336],[-121.785,-38.286],[-108.585,-51.496],[108.575,-51.496]],"c":true}]},{"i":{"x":0.667,"y":1},"o":{"x":0.333,"y":0},"t":85,"s":[{"i":[[0,-7.27],[0,0],[7.27,0],[0,0],[0,0],[0.746,-0.774],[13.78,13.43],[-0.3,1.04],[0,0],[0,0],[0,7.27],[0,0],[-7.26,0],[0,0]],"o":[[0,0],[0,7.27],[0,0],[0,0],[0.29,1.04],[-13.462,13.955],[-0.78,-0.75],[0,0],[0,0],[-7.26,0],[0,0],[0,-7.27],[0,0],[7.27,0]],"v":[[121.785,-38.286],[121.785,-22.336],[108.575,-9.126],[24.945,-9.126],[37.407,37.056],[36.667,39.986],[-36.917,41.049],[-37.657,38.119],[-24.955,-9.126],[-108.585,-9.126],[-121.785,-22.336],[-121.785,-38.286],[-108.585,-51.496],[108.575,-51.496]],"c":true}]},{"i":{"x":0.667,"y":1},"o":{"x":0.333,"y":0},"t":88,"s":[{"i":[[0,-7.27],[0,0],[7.27,0],[0,0],[0,0],[0.746,-0.774],[13.78,13.43],[-0.3,1.04],[0,0],[0,0],[0,7.27],[0,0],[-7.26,0],[0,0]],"o":[[0,0],[0,7.27],[0,0],[0,0],[0.29,1.04],[-13.462,13.955],[-0.78,-0.75],[0,0],[0,0],[-7.26,0],[0,0],[0,-7.27],[0,0],[7.27,0]],"v":[[121.785,-38.286],[121.785,-22.336],[108.575,-9.126],[24.945,-9.126],[42.595,35.244],[41.855,38.174],[-32.792,42.986],[-33.532,40.056],[-24.955,-9.126],[-108.585,-9.126],[-121.785,-22.336],[-121.785,-38.286],[-108.585,-51.496],[108.575,-51.496]],"c":true}]},{"i":{"x":0.667,"y":1},"o":{"x":0.333,"y":0},"t":93,"s":[{"i":[[0,-7.27],[0,0],[7.27,0],[0,0],[0,0],[0.746,-0.774],[13.78,13.43],[-0.3,1.04],[0,0],[0,0],[0,7.27],[0,0],[-7.26,0],[0,0]],"o":[[0,0],[0,7.27],[0,0],[0,0],[0.29,1.04],[-13.462,13.955],[-0.78,-0.75],[0,0],[0,0],[-7.26,0],[0,0],[0,-7.27],[0,0],[7.27,0]],"v":[[121.785,-38.286],[121.785,-22.336],[108.575,-9.126],[24.945,-9.126],[34.97,39.806],[34.23,42.736],[-40.417,39.236],[-41.157,36.306],[-24.955,-9.126],[-108.585,-9.126],[-121.785,-22.336],[-121.785,-38.286],[-108.585,-51.496],[108.575,-51.496]],"c":true}]},{"i":{"x":0.667,"y":1},"o":{"x":0.333,"y":0},"t":98,"s":[{"i":[[0,-7.27],[0,0],[7.27,0],[0,0],[0,0],[0.746,-0.774],[13.78,13.43],[-0.3,1.04],[0,0],[0,0],[0,7.27],[0,0],[-7.26,0],[0,0]],"o":[[0,0],[0,7.27],[0,0],[0,0],[0.29,1.04],[-13.462,13.955],[-0.78,-0.75],[0,0],[0,0],[-7.26,0],[0,0],[0,-7.27],[0,0],[7.27,0]],"v":[[121.785,-38.286],[121.785,-22.336],[108.575,-9.126],[24.945,-9.126],[37.97,38.119],[37.23,41.049],[-38.542,40.861],[-39.282,37.931],[-24.955,-9.126],[-108.585,-9.126],[-121.785,-22.336],[-121.785,-38.286],[-108.585,-51.496],[108.575,-51.496]],"c":true}]},{"t":101,"s":[{"i":[[0,-7.27],[0,0],[7.27,0],[0,0],[0,0],[0.746,-0.774],[13.78,13.43],[-0.3,1.04],[0,0],[0,0],[0,7.27],[0,0],[-7.26,0],[0,0]],"o":[[0,0],[0,7.27],[0,0],[0,0],[0.29,1.04],[-13.462,13.955],[-0.78,-0.75],[0,0],[0,0],[-7.26,0],[0,0],[0,-7.27],[0,0],[7.27,0]],"v":[[121.785,-38.286],[121.785,-22.336],[108.575,-9.126],[24.945,-9.126],[37.97,38.119],[37.23,41.049],[-38.542,40.861],[-39.282,37.931],[-24.955,-9.126],[-108.585,-9.126],[-121.785,-22.336],[-121.785,-38.286],[-108.585,-51.496],[108.575,-51.496]],"c":true}]}],"ix":2},"nm":"Path 1","mn":"ADBE Vector Shape - Group","hd":false},{"ty":"fl","c":{"a":0,"k":[0.698039233685,0.407843142748,0.211764708161,1],"ix":4,"x":"var $bm_rt;\n$bm_rt = thisComp.layer('Color  & Stroke Change').effect('Tertiary')('Color');"},"o":{"a":0,"k":100,"ix":5},"r":1,"bm":0,"nm":"Fill 1","mn":"ADBE Vector Graphic - Fill","hd":false},{"ty":"tr","p":{"a":0,"k":[261.138,229.246],"ix":2},"a":{"a":0,"k":[0,0],"ix":1},"s":{"a":0,"k":[100,100],"ix":3},"r":{"a":0,"k":0,"ix":6},"o":{"a":0,"k":100,"ix":7},"sk":{"a":0,"k":0,"ix":4},"sa":{"a":0,"k":0,"ix":5},"nm":"Transform"}],"nm":"Group 3","np":2,"cix":2,"bm":0,"ix":3,"mn":"ADBE Vector Group","hd":false}],"ip":0,"op":844,"st":0,"bm":0},{"ddd":0,"ind":7,"ty":4,"nm":"outline 3","parent":8,"sr":1,"ks":{"o":{"a":0,"k":100,"ix":11},"r":{"a":0,"k":0,"ix":10},"p":{"a":0,"k":[261.385,290.513,0],"ix":2,"l":2},"a":{"a":0,"k":[261.385,290.513,0],"ix":1,"l":2},"s":{"a":0,"k":[100,100,100],"ix":6,"l":2}},"ao":0,"shapes":[{"ty":"gr","it":[{"ty":"gr","it":[{"ind":0,"ty":"sh","ix":1,"ks":{"a":0,"k":{"i":[[0,0],[0,0]],"o":[[0,0],[0,0]],"v":[[394.423,180.494],[394.423,203.692]],"c":false},"ix":2},"nm":"Path 1","mn":"ADBE Vector Shape - Group","hd":false},{"ty":"st","c":{"a":0,"k":[0.698039233685,0.407843142748,0.211764708161,1],"ix":3,"x":"var $bm_rt;\n$bm_rt = thisComp.layer('Color  & Stroke Change').effect('Tertiary')('Color');"},"o":{"a":0,"k":100,"ix":4},"w":{"a":0,"k":7,"ix":5},"lc":2,"lj":2,"bm":0,"nm":"Stroke 1","mn":"ADBE Vector Graphic - Stroke","hd":false},{"ty":"tr","p":{"a":0,"k":[261.385,192.093],"ix":2},"a":{"a":0,"k":[261.385,192.093],"ix":1},"s":{"a":0,"k":[100,100],"ix":3},"r":{"a":0,"k":0,"ix":6},"o":{"a":0,"k":100,"ix":7},"sk":{"a":0,"k":0,"ix":4},"sa":{"a":0,"k":0,"ix":5},"nm":"Transform"}],"nm":"Group 7","np":4,"cix":2,"bm":0,"ix":1,"mn":"ADBE Vector Group","hd":false},{"ty":"gr","it":[{"ind":1,"ty":"sh","ix":2,"ks":{"a":0,"k":{"i":[[0,0],[0,0]],"o":[[0,0],[0,0]],"v":[[359.421,192.593],[394.423,192.093]],"c":false},"ix":2},"nm":"Path 2","mn":"ADBE Vector Shape - Group","hd":false},{"ty":"st","c":{"a":0,"k":[0.070588235294,0.074509803922,0.192156877705,1],"ix":3,"x":"var $bm_rt;\n$bm_rt = thisComp.layer('Color  & Stroke Change').effect('Primary')('Color');"},"o":{"a":0,"k":100,"ix":4},"w":{"a":0,"k":7,"ix":5},"lc":2,"lj":2,"bm":0,"nm":"Stroke 1","mn":"ADBE Vector Graphic - Stroke","hd":false},{"ty":"tr","p":{"a":0,"k":[261.385,192.093],"ix":2},"a":{"a":0,"k":[261.385,192.093],"ix":1},"s":{"a":0,"k":[100,100],"ix":3},"r":{"a":0,"k":0,"ix":6},"o":{"a":0,"k":100,"ix":7},"sk":{"a":0,"k":0,"ix":4},"sa":{"a":0,"k":0,"ix":5},"nm":"Transform"}],"nm":"Group 1","np":4,"cix":2,"bm":0,"ix":2,"mn":"ADBE Vector Group","hd":false},{"ty":"gr","it":[{"ind":0,"ty":"sh","ix":1,"ks":{"a":1,"k":[{"i":{"x":0.667,"y":1},"o":{"x":0.333,"y":0},"t":0,"s":[{"i":[[0,0],[0,0],[0,0]],"o":[[0,0],[0,0],[0,0]],"v":[[-22.386,34.506],[1.97,-34.506],[38.886,-34.506]],"c":false}]},{"i":{"x":0.667,"y":1},"o":{"x":0.333,"y":0},"t":15,"s":[{"i":[[0,0],[0,0],[0,0]],"o":[[0,0],[0,0],[0,0]],"v":[[-22.386,-101.599],[1.97,-34.506],[22.386,-34.506]],"c":false}]},{"i":{"x":0.667,"y":1},"o":{"x":0.333,"y":0},"t":85,"s":[{"i":[[0,0],[0,0],[0,0]],"o":[[0,0],[0,0],[0,0]],"v":[[-22.386,-101.599],[1.97,-34.506],[22.386,-34.506]],"c":false}]},{"t":100,"s":[{"i":[[0,0],[0,0],[0,0]],"o":[[0,0],[0,0],[0,0]],"v":[[-22.386,34.506],[1.97,-34.506],[22.386,-34.506]],"c":false}]}],"ix":2},"nm":"Path 1","mn":"ADBE Vector Shape - Group","hd":false},{"ty":"st","c":{"a":0,"k":[0.227450980392,0.2,0.278431372549,1],"ix":3,"x":"var $bm_rt;\n$bm_rt = thisComp.layer('Color  & Stroke Change').effect('Primary')('Color');"},"o":{"a":0,"k":100,"ix":4},"w":{"a":0,"k":7,"ix":5},"lc":2,"lj":2,"bm":0,"nm":"Stroke 1","mn":"ADBE Vector Graphic - Stroke","hd":false},{"ty":"tr","p":{"a":0,"k":[104.5,226.5],"ix":2},"a":{"a":0,"k":[0,0],"ix":1},"s":{"a":0,"k":[100,100],"ix":3},"r":{"a":0,"k":0,"ix":6},"o":{"a":0,"k":100,"ix":7},"sk":{"a":0,"k":0,"ix":4},"sa":{"a":0,"k":0,"ix":5},"nm":"Transform"}],"nm":"Group 6","np":2,"cix":2,"bm":0,"ix":4,"mn":"ADBE Vector Group","hd":false},{"ty":"tr","p":{"a":0,"k":[261.385,222.403],"ix":2},"a":{"a":0,"k":[261.385,222.403],"ix":1},"s":{"a":0,"k":[100,100],"ix":3},"r":{"a":0,"k":0,"ix":6},"o":{"a":0,"k":100,"ix":7},"sk":{"a":0,"k":0,"ix":4},"sa":{"a":0,"k":0,"ix":5},"nm":"Transform"}],"nm":"Group 7","np":4,"cix":2,"bm":0,"ix":1,"mn":"ADBE Vector Group","hd":false}],"ip":0,"op":844,"st":0,"bm":0},{"ddd":0,"ind":8,"ty":3,"nm":"outline 2","parent":4,"sr":1,"ks":{"o":{"a":0,"k":100,"ix":11},"r":{"a":0,"k":0,"ix":10},"p":{"a":1,"k":[{"i":{"x":0.667,"y":1},"o":{"x":0.333,"y":0},"t":0,"s":[60.134,-66.449,0],"to":[0,0,0],"ti":[0,0,0]},{"i":{"x":0.667,"y":1},"o":{"x":0.333,"y":0},"t":15,"s":[95.134,-66.449,0],"to":[0,0,0],"ti":[0,0,0]},{"i":{"x":0.667,"y":1},"o":{"x":0.333,"y":0},"t":21,"s":[88.562,-66.449,0],"to":[0,0,0],"ti":[0,0,0]},{"i":{"x":0.667,"y":1},"o":{"x":0.333,"y":0},"t":25,"s":[90.062,-66.449,0],"to":[0,0,0],"ti":[0,0,0]},{"i":{"x":0.667,"y":1},"o":{"x":0.333,"y":0},"t":31,"s":[83.489,-66.449,0],"to":[0,0,0],"ti":[0,0,0]},{"i":{"x":0.667,"y":1},"o":{"x":0.333,"y":0},"t":35,"s":[84.989,-66.449,0],"to":[0,0,0],"ti":[0,0,0]},{"i":{"x":0.667,"y":1},"o":{"x":0.333,"y":0},"t":42,"s":[77.909,-66.449,0],"to":[0,0,0],"ti":[0,0,0]},{"i":{"x":0.667,"y":1},"o":{"x":0.333,"y":0},"t":46,"s":[79.409,-66.449,0],"to":[0,0,0],"ti":[0,0,0]},{"i":{"x":0.667,"y":1},"o":{"x":0.333,"y":0},"t":52,"s":[72.835,-66.449,0],"to":[0,0,0],"ti":[0,0,0]},{"i":{"x":0.667,"y":1},"o":{"x":0.333,"y":0},"t":56,"s":[74.335,-66.449,0],"to":[0,0,0],"ti":[0,0,0]},{"i":{"x":0.667,"y":1},"o":{"x":0.333,"y":0},"t":62,"s":[67.751,-66.449,0],"to":[0,0,0],"ti":[0,0,0]},{"i":{"x":0.667,"y":1},"o":{"x":0.333,"y":0},"t":66,"s":[69.251,-66.449,0],"to":[0,0,0],"ti":[0,0,0]},{"i":{"x":0.667,"y":1},"o":{"x":0.333,"y":0},"t":72,"s":[62.695,-66.449,0],"to":[0,0,0],"ti":[0,0,0]},{"i":{"x":0.667,"y":1},"o":{"x":0.333,"y":0},"t":76,"s":[64.195,-66.449,0],"to":[0,0,0],"ti":[0,0,0]},{"t":84,"s":[60.134,-66.449,0]}],"ix":2,"l":2},"a":{"a":0,"k":[250.134,123.551,0],"ix":1,"l":2},"s":{"a":0,"k":[100,100,100],"ix":6,"l":2}},"ao":0,"ip":0,"op":844,"st":0,"bm":0},{"ddd":0,"ind":9,"ty":4,"nm":"outline","parent":4,"sr":1,"ks":{"o":{"a":0,"k":100,"ix":11},"r":{"a":0,"k":0,"ix":10},"p":{"a":0,"k":[60.134,165.311,0],"ix":2,"l":2},"a":{"a":0,"k":[250.134,355.311,0],"ix":1,"l":2},"s":{"a":0,"k":[100,100,100],"ix":6,"l":2}},"ao":0,"shapes":[{"ty":"gr","it":[{"ty":"gr","it":[{"ind":0,"ty":"sh","ix":1,"ks":{"a":1,"k":[{"i":{"x":0.667,"y":1},"o":{"x":0.333,"y":0},"t":15,"s":[{"i":[[0,0],[0,0]],"o":[[0,0],[0,0]],"v":[[-0.068,0],[0.068,0]],"c":false}]},{"i":{"x":0.667,"y":1},"o":{"x":0.333,"y":0},"t":17.521,"s":[{"i":[[0,0],[0,0]],"o":[[0,0],[0,0]],"v":[[-0.068,0],[0.068,10]],"c":false}]},{"i":{"x":0.667,"y":1},"o":{"x":0.167,"y":0},"t":21.723,"s":[{"i":[[0,0],[0,0]],"o":[[0,0],[0,0]],"v":[[-0.068,-5],[0.068,-5]],"c":false}]},{"i":{"x":0.667,"y":1},"o":{"x":0.167,"y":0},"t":25.926,"s":[{"i":[[0,0],[0,0]],"o":[[0,0],[0,0]],"v":[[-0.068,0],[0.068,0]],"c":false}]},{"i":{"x":0.667,"y":1},"o":{"x":0.333,"y":0},"t":67.947,"s":[{"i":[[0,0],[0,0]],"o":[[0,0],[0,0]],"v":[[-0.068,0],[0.068,0]],"c":false}]},{"i":{"x":0.667,"y":1},"o":{"x":0.333,"y":0},"t":70.469,"s":[{"i":[[0,0],[0,0]],"o":[[0,0],[0,0]],"v":[[-0.068,0],[0.068,10]],"c":false}]},{"i":{"x":0.667,"y":1},"o":{"x":0.167,"y":0},"t":74.67,"s":[{"i":[[0,0],[0,0]],"o":[[0,0],[0,0]],"v":[[-0.068,-5],[0.068,-5]],"c":false}]},{"t":78.873046875,"s":[{"i":[[0,0],[0,0]],"o":[[0,0],[0,0]],"v":[[-0.068,0],[0.068,0]],"c":false}]}],"ix":2},"nm":"Path 1","mn":"ADBE Vector Shape - Group","hd":false},{"ind":1,"ty":"sh","ix":2,"ks":{"a":0,"k":{"i":[[0,0],[0,0]],"o":[[0,0],[0,0]],"v":[[59.321,0],[59.457,0]],"c":false},"ix":2},"nm":"Path 2","mn":"ADBE Vector Shape - Group","hd":false},{"ind":2,"ty":"sh","ix":3,"ks":{"a":1,"k":[{"i":{"x":0.667,"y":1},"o":{"x":0.333,"y":0},"t":20.883,"s":[{"i":[[0,0],[0,0]],"o":[[0,0],[0,0]],"v":[[29.626,0],[29.763,0]],"c":false}]},{"i":{"x":0.667,"y":1},"o":{"x":0.333,"y":0},"t":23.404,"s":[{"i":[[0,0],[0,0]],"o":[[0,0],[0,0]],"v":[[29.626,0],[29.763,10]],"c":false}]},{"i":{"x":0.667,"y":1},"o":{"x":0.167,"y":0},"t":27.605,"s":[{"i":[[0,0],[0,0]],"o":[[0,0],[0,0]],"v":[[29.626,-5],[29.763,-5]],"c":false}]},{"t":31.80859375,"s":[{"i":[[0,0],[0,0]],"o":[[0,0],[0,0]],"v":[[29.626,0],[29.763,0]],"c":false}]}],"ix":2},"nm":"Path 3","mn":"ADBE Vector Shape - Group","hd":false},{"ind":3,"ty":"sh","ix":4,"ks":{"a":0,"k":{"i":[[0,0],[0,0]],"o":[[0,0],[0,0]],"v":[[104.231,-27.867],[104.367,-27.867]],"c":false},"ix":2},"nm":"Path 4","mn":"ADBE Vector Shape - Group","hd":false},{"ind":4,"ty":"sh","ix":5,"ks":{"a":0,"k":{"i":[[0,0],[0,0]],"o":[[0,0],[0,0]],"v":[[-43.614,-27.867],[-43.478,-27.867]],"c":false},"ix":2},"nm":"Path 5","mn":"ADBE Vector Shape - Group","hd":false},{"ind":5,"ty":"sh","ix":6,"ks":{"a":1,"k":[{"i":{"x":0.667,"y":1},"o":{"x":0.333,"y":0},"t":30.127,"s":[{"i":[[0,0],[0,0]],"o":[[0,0],[0,0]],"v":[[75.164,-27.867],[75.3,-27.867]],"c":false}]},{"i":{"x":0.667,"y":1},"o":{"x":0.333,"y":0},"t":32.648,"s":[{"i":[[0,0],[0,0]],"o":[[0,0],[0,0]],"v":[[75.164,-17.867],[75.3,-27.867]],"c":false}]},{"i":{"x":0.667,"y":1},"o":{"x":0.167,"y":0},"t":36.852,"s":[{"i":[[0,0],[0,0]],"o":[[0,0],[0,0]],"v":[[75.164,-32.867],[75.3,-32.867]],"c":false}]},{"t":41.052734375,"s":[{"i":[[0,0],[0,0]],"o":[[0,0],[0,0]],"v":[[75.164,-27.867],[75.3,-27.867]],"c":false}]}],"ix":2},"nm":"Path 6","mn":"ADBE Vector Shape - Group","hd":false},{"ind":6,"ty":"sh","ix":7,"ks":{"a":0,"k":{"i":[[0,0],[0,0]],"o":[[0,0],[0,0]],"v":[[15.775,-27.867],[15.911,-27.867]],"c":false},"ix":2},"nm":"Path 7","mn":"ADBE Vector Shape - Group","hd":false},{"ind":7,"ty":"sh","ix":8,"ks":{"a":0,"k":{"i":[[0,0],[0,0]],"o":[[0,0],[0,0]],"v":[[45.469,-27.867],[45.606,-27.867]],"c":false},"ix":2},"nm":"Path 8","mn":"ADBE Vector Shape - Group","hd":false},{"ind":8,"ty":"sh","ix":9,"ks":{"a":1,"k":[{"i":{"x":0.667,"y":1},"o":{"x":0.333,"y":0},"t":36.852,"s":[{"i":[[0,0],[0,0]],"o":[[0,0],[0,0]],"v":[[-13.92,-27.867],[-13.783,-27.867]],"c":false}]},{"i":{"x":0.667,"y":1},"o":{"x":0.333,"y":0},"t":39.373,"s":[{"i":[[0,0],[0,0]],"o":[[0,0],[0,0]],"v":[[-13.92,-27.867],[-13.783,-17.867]],"c":false}]},{"i":{"x":0.667,"y":1},"o":{"x":0.167,"y":0},"t":43.574,"s":[{"i":[[0,0],[0,0]],"o":[[0,0],[0,0]],"v":[[-13.92,-32.867],[-13.783,-32.867]],"c":false}]},{"i":{"x":0.833,"y":1},"o":{"x":0.167,"y":0},"t":47.777,"s":[{"i":[[0,0],[0,0]],"o":[[0,0],[0,0]],"v":[[-13.92,-27.867],[-13.783,-27.867]],"c":false}]},{"i":{"x":0.667,"y":1},"o":{"x":0.333,"y":0},"t":76.352,"s":[{"i":[[0,0],[0,0]],"o":[[0,0],[0,0]],"v":[[-13.92,-27.867],[-13.783,-27.867]],"c":false}]},{"i":{"x":0.667,"y":1},"o":{"x":0.333,"y":0},"t":78.873,"s":[{"i":[[0,0],[0,0]],"o":[[0,0],[0,0]],"v":[[-13.92,-27.867],[-13.783,-17.867]],"c":false}]},{"i":{"x":0.667,"y":1},"o":{"x":0.167,"y":0},"t":83.074,"s":[{"i":[[0,0],[0,0]],"o":[[0,0],[0,0]],"v":[[-13.92,-32.867],[-13.783,-32.867]],"c":false}]},{"t":87.27734375,"s":[{"i":[[0,0],[0,0]],"o":[[0,0],[0,0]],"v":[[-13.92,-27.867],[-13.783,-27.867]],"c":false}]}],"ix":2},"nm":"Path 9","mn":"ADBE Vector Shape - Group","hd":false},{"ind":9,"ty":"sh","ix":10,"ks":{"a":1,"k":[{"i":{"x":0.667,"y":1},"o":{"x":0.333,"y":0},"t":57.861,"s":[{"i":[[0,0],[0,0]],"o":[[0,0],[0,0]],"v":[[-29.763,-55.735],[-29.626,-55.735]],"c":false}]},{"i":{"x":0.667,"y":1},"o":{"x":0.333,"y":0},"t":60.383,"s":[{"i":[[0,0],[0,0]],"o":[[0,0],[0,0]],"v":[[-29.763,-45.735],[-29.626,-55.735]],"c":false}]},{"i":{"x":0.667,"y":1},"o":{"x":0.167,"y":0},"t":64.586,"s":[{"i":[[0,0],[0,0]],"o":[[0,0],[0,0]],"v":[[-29.763,-60.735],[-29.626,-60.735]],"c":false}]},{"i":{"x":0.833,"y":1},"o":{"x":0.167,"y":0},"t":68.787,"s":[{"i":[[0,0],[0,0]],"o":[[0,0],[0,0]],"v":[[-29.763,-55.735],[-29.626,-55.735]],"c":false}]},{"i":{"x":0.667,"y":1},"o":{"x":0.333,"y":0},"t":83.074,"s":[{"i":[[0,0],[0,0]],"o":[[0,0],[0,0]],"v":[[-29.763,-55.735],[-29.626,-55.735]],"c":false}]},{"i":{"x":0.667,"y":1},"o":{"x":0.333,"y":0},"t":85.596,"s":[{"i":[[0,0],[0,0]],"o":[[0,0],[0,0]],"v":[[-29.763,-45.735],[-29.626,-55.735]],"c":false}]},{"i":{"x":0.667,"y":1},"o":{"x":0.167,"y":0},"t":89.799,"s":[{"i":[[0,0],[0,0]],"o":[[0,0],[0,0]],"v":[[-29.763,-60.735],[-29.626,-60.735]],"c":false}]},{"t":94,"s":[{"i":[[0,0],[0,0]],"o":[[0,0],[0,0]],"v":[[-29.763,-55.735],[-29.626,-55.735]],"c":false}]}],"ix":2},"nm":"Path 10","mn":"ADBE Vector Shape - Group","hd":false},{"ind":10,"ty":"sh","ix":11,"ks":{"a":0,"k":{"i":[[0,0],[0,0]],"o":[[0,0],[0,0]],"v":[[89.015,-55.735],[89.152,-55.735]],"c":false},"ix":2},"nm":"Path 11","mn":"ADBE Vector Shape - Group","hd":false},{"ind":11,"ty":"sh","ix":12,"ks":{"a":1,"k":[{"i":{"x":0.667,"y":1},"o":{"x":0.333,"y":0},"t":41.053,"s":[{"i":[[0,0],[0,0]],"o":[[0,0],[0,0]],"v":[[29.626,-55.735],[29.763,-55.735]],"c":false}]},{"i":{"x":0.667,"y":1},"o":{"x":0.333,"y":0},"t":43.574,"s":[{"i":[[0,0],[0,0]],"o":[[0,0],[0,0]],"v":[[29.626,-45.735],[29.763,-55.735]],"c":false}]},{"i":{"x":0.667,"y":1},"o":{"x":0.167,"y":0},"t":47.777,"s":[{"i":[[0,0],[0,0]],"o":[[0,0],[0,0]],"v":[[29.626,-60.735],[29.763,-60.735]],"c":false}]},{"t":51.978515625,"s":[{"i":[[0,0],[0,0]],"o":[[0,0],[0,0]],"v":[[29.626,-55.735],[29.763,-55.735]],"c":false}]}],"ix":2},"nm":"Path 12","mn":"ADBE Vector Shape - Group","hd":false},{"ind":12,"ty":"sh","ix":13,"ks":{"a":1,"k":[{"i":{"x":0.667,"y":1},"o":{"x":0.333,"y":0},"t":47.777,"s":[{"i":[[0,0],[0,0]],"o":[[0,0],[0,0]],"v":[[59.321,-55.735],[59.457,-55.735]],"c":false}]},{"i":{"x":0.667,"y":1},"o":{"x":0.333,"y":0},"t":50.299,"s":[{"i":[[0,0],[0,0]],"o":[[0,0],[0,0]],"v":[[59.321,-55.735],[59.457,-45.735]],"c":false}]},{"i":{"x":0.667,"y":1},"o":{"x":0.167,"y":0},"t":54.5,"s":[{"i":[[0,0],[0,0]],"o":[[0,0],[0,0]],"v":[[59.321,-60.735],[59.457,-60.735]],"c":false}]},{"t":58.701171875,"s":[{"i":[[0,0],[0,0]],"o":[[0,0],[0,0]],"v":[[59.321,-55.735],[59.457,-55.735]],"c":false}]}],"ix":2},"nm":"Path 13","mn":"ADBE Vector Shape - Group","hd":false},{"ind":13,"ty":"sh","ix":14,"ks":{"a":0,"k":{"i":[[0,0],[0,0]],"o":[[0,0],[0,0]],"v":[[-0.068,-55.735],[0.068,-55.735]],"c":false},"ix":2},"nm":"Path 14","mn":"ADBE Vector Shape - Group","hd":false},{"ty":"st","c":{"a":0,"k":[0.921568687289,0.901960844152,0.937254961799,1],"ix":3,"x":"var $bm_rt;\n$bm_rt = thisComp.layer('Color  & Stroke Change').effect('Quaternary')('Color');"},"o":{"a":0,"k":100,"ix":4},"w":{"a":0,"k":12,"ix":5},"lc":2,"lj":2,"bm":0,"nm":"Stroke 1","mn":"ADBE Vector Graphic - Stroke","hd":false},{"ty":"tr","p":{"a":0,"k":[219.758,383.178],"ix":2},"a":{"a":0,"k":[0,0],"ix":1},"s":{"a":0,"k":[100,100],"ix":3},"r":{"a":0,"k":0,"ix":6},"o":{"a":0,"k":100,"ix":7},"sk":{"a":0,"k":0,"ix":4},"sa":{"a":0,"k":0,"ix":5},"nm":"Transform"}],"nm":"Group 1","np":15,"cix":2,"bm":0,"ix":1,"mn":"ADBE Vector Group","hd":false},{"ty":"tr","p":{"a":0,"k":[249.452,383.178],"ix":2},"a":{"a":0,"k":[249.452,383.178],"ix":1},"s":{"a":0,"k":[100,100],"ix":3},"r":{"a":0,"k":0,"ix":6},"o":{"a":0,"k":100,"ix":7},"sk":{"a":0,"k":0,"ix":4},"sa":{"a":0,"k":0,"ix":5},"nm":"Transform"}],"nm":"Group 1","np":1,"cix":2,"bm":0,"ix":1,"mn":"ADBE Vector Group","hd":false}],"ip":0,"op":844,"st":0,"bm":0},{"ddd":0,"ind":10,"ty":4,"nm":"machine fill","parent":4,"sr":1,"ks":{"o":{"a":0,"k":100,"ix":11},"r":{"a":0,"k":0,"ix":10},"p":{"a":0,"k":[60.638,121.541,0],"ix":2,"l":2},"a":{"a":0,"k":[261.138,318.541,0],"ix":1,"l":2},"s":{"a":0,"k":[100,100,100],"ix":6,"l":2}},"ao":0,"shapes":[{"ty":"gr","it":[{"ind":0,"ty":"sh","ix":1,"ks":{"a":0,"k":{"i":[[0,0],[0,0],[0,0],[-17.24,-3.71],[-20.96,-0.46],[21.79,4.68],[2.45,17.47],[0,0],[0,0],[0,0],[0,0]],"o":[[0,0],[0,0],[2.45,17.47],[16.78,3.61],[-27.21,0.61],[-17.24,-3.71],[0,0],[0,0],[0,0],[0,0],[0,0]],"v":[[109.865,-11.188],[-91.055,-11.188],[-81.485,56.962],[-48.685,92.202],[9.555,98.312],[-67.485,92.202],[-100.285,56.962],[-109.855,-11.188],[-109.865,-11.188],[-109.865,-98.418],[109.865,-98.418]],"c":true},"ix":2},"nm":"Path 1","mn":"ADBE Vector Shape - Group","hd":false},{"ty":"fl","c":{"a":0,"k":[0.572549045086,0.078431375325,0.04705882445,1],"ix":4,"x":"var $bm_rt;\n$bm_rt = thisComp.layer('Color  & Stroke Change').effect('Secondary')('Color');"},"o":{"a":0,"k":100,"ix":5},"r":1,"bm":0,"nm":"Fill 1","mn":"ADBE Vector Graphic - Fill","hd":false},{"ty":"tr","p":{"a":0,"k":[261.138,318.538],"ix":2},"a":{"a":0,"k":[0,0],"ix":1},"s":{"a":0,"k":[100,100],"ix":3},"r":{"a":0,"k":0,"ix":6},"o":{"a":0,"k":50,"ix":7},"sk":{"a":0,"k":0,"ix":4},"sa":{"a":0,"k":0,"ix":5},"nm":"Transform"}],"nm":"Group 1","np":2,"cix":2,"bm":1,"ix":1,"mn":"ADBE Vector Group","hd":false},{"ty":"gr","it":[{"ind":0,"ty":"sh","ix":1,"ks":{"a":0,"k":{"i":[[0,0],[0,0],[0,0],[17.23,-3.7],[38.52,8.28],[2.45,17.47],[0,0],[0,0]],"o":[[0,0],[0,0],[-2.45,17.46],[-38.42,8.27],[-17.24,-3.71],[0,0],[0,0],[0,0]],"v":[[109.86,-98.421],[109.86,-11.191],[100.28,56.999],[67.52,92.229],[-67.49,92.199],[-100.29,56.959],[-109.86,-11.191],[-109.86,-98.421]],"c":true},"ix":2},"nm":"Path 1","mn":"ADBE Vector Shape - Group","hd":false},{"ty":"fl","c":{"a":0,"k":[0.572549045086,0.078431375325,0.04705882445,1],"ix":4,"x":"var $bm_rt;\n$bm_rt = thisComp.layer('Color  & Stroke Change').effect('Secondary')('Color');"},"o":{"a":0,"k":100,"ix":5},"r":1,"bm":0,"nm":"Fill 1","mn":"ADBE Vector Graphic - Fill","hd":false},{"ty":"tr","p":{"a":0,"k":[261.136,318.541],"ix":2},"a":{"a":0,"k":[0,0],"ix":1},"s":{"a":0,"k":[100,100],"ix":3},"r":{"a":0,"k":0,"ix":6},"o":{"a":0,"k":100,"ix":7},"sk":{"a":0,"k":0,"ix":4},"sa":{"a":0,"k":0,"ix":5},"nm":"Transform"}],"nm":"Group 2","np":2,"cix":2,"bm":0,"ix":2,"mn":"ADBE Vector Group","hd":false}],"ip":0,"op":844,"st":0,"bm":0},{"ddd":0,"ind":11,"ty":4,"nm":"paper","parent":8,"sr":1,"ks":{"o":{"a":0,"k":100,"ix":11},"r":{"a":0,"k":0,"ix":10},"p":{"a":1,"k":[{"i":{"x":0.667,"y":1},"o":{"x":0.333,"y":0},"t":0,"s":[250.134,160.551,0],"to":[0,0,0],"ti":[0,0,0]},{"i":{"x":0.667,"y":1},"o":{"x":0.333,"y":0},"t":15,"s":[285.134,160.551,0],"to":[0,0,0],"ti":[0,0,0]},{"i":{"x":0.667,"y":1},"o":{"x":0.333,"y":0},"t":21,"s":[278.562,160.551,0],"to":[0,0,0],"ti":[0,0,0]},{"i":{"x":0.667,"y":1},"o":{"x":0.333,"y":0},"t":25,"s":[280.062,160.551,0],"to":[0,0,0],"ti":[0,0,0]},{"i":{"x":0.667,"y":1},"o":{"x":0.333,"y":0},"t":31,"s":[273.489,160.551,0],"to":[0,0,0],"ti":[0,0,0]},{"i":{"x":0.667,"y":1},"o":{"x":0.333,"y":0},"t":35,"s":[274.989,160.551,0],"to":[0,0,0],"ti":[0,0,0]},{"i":{"x":0.667,"y":1},"o":{"x":0.333,"y":0},"t":42,"s":[267.909,160.551,0],"to":[0,0,0],"ti":[0,0,0]},{"i":{"x":0.667,"y":1},"o":{"x":0.333,"y":0},"t":46,"s":[269.409,160.551,0],"to":[0,0,0],"ti":[0,0,0]},{"i":{"x":0.667,"y":1},"o":{"x":0.333,"y":0},"t":52,"s":[262.835,160.551,0],"to":[0,0,0],"ti":[0,0,0]},{"i":{"x":0.667,"y":1},"o":{"x":0.333,"y":0},"t":56,"s":[264.335,160.551,0],"to":[0,0,0],"ti":[0,0,0]},{"i":{"x":0.667,"y":1},"o":{"x":0.333,"y":0},"t":62,"s":[257.751,160.551,0],"to":[0,0,0],"ti":[0,0,0]},{"i":{"x":0.667,"y":1},"o":{"x":0.333,"y":0},"t":66,"s":[259.251,160.551,0],"to":[0,0,0],"ti":[0,0,0]},{"i":{"x":0.667,"y":1},"o":{"x":0.333,"y":0},"t":72,"s":[252.695,160.551,0],"to":[0,0,0],"ti":[0,0,0]},{"i":{"x":0.667,"y":1},"o":{"x":0.333,"y":0},"t":76,"s":[254.195,160.551,0],"to":[0,0,0],"ti":[0,0,0]},{"t":84,"s":[250.134,160.551,0]}],"ix":2,"l":2},"a":{"a":0,"k":[122.679,46.696,0],"ix":1,"l":2},"s":{"a":0,"k":[100,100,100],"ix":6,"l":2}},"ao":0,"shapes":[{"ty":"gr","it":[{"ty":"gr","it":[{"ind":0,"ty":"sh","ix":1,"ks":{"a":1,"k":[{"i":{"x":0.833,"y":0.833},"o":{"x":0.333,"y":0},"t":0,"s":[{"i":[[0,0],[0,0],[0,1.657],[0,0]],"o":[[0,0],[-1.657,0],[0,0],[0,0]],"v":[[23.472,24.222],[-20.972,24.222],[-23.972,21.222],[-23.972,-23.222]],"c":true}]},{"i":{"x":0.833,"y":0.833},"o":{"x":0.167,"y":0.167},"t":3,"s":[{"i":[[0,0],[0,0],[0,1.657],[0,0]],"o":[[0,0],[-1.657,0],[0,0],[0,0]],"v":[[20.322,19.714],[-24.121,19.714],[-27.121,16.714],[-27.121,-27.729]],"c":true}]},{"i":{"x":0.667,"y":1},"o":{"x":0.167,"y":0.167},"t":9,"s":[{"i":[[0,0],[0,0],[0,1.657],[0,0]],"o":[[0,0],[-1.657,0],[0,0],[0,0]],"v":[[1.053,21.159],[-43.39,21.159],[-46.39,18.159],[-46.39,-26.284]],"c":true}]},{"i":{"x":0.833,"y":0.833},"o":{"x":0.143,"y":0},"t":15,"s":[{"i":[[0,0],[0,0],[0,1.657],[0,0]],"o":[[0,0],[-1.657,0],[0,0],[0,0]],"v":[[-10.806,20.784],[-55.249,20.784],[-58.249,17.784],[-58.249,-26.659]],"c":true}]},{"i":{"x":0.833,"y":0.833},"o":{"x":0.167,"y":0.167},"t":19,"s":[{"i":[[0,0],[0,0],[0,1.657],[0,0]],"o":[[0,0],[-1.657,0],[0,0],[0,0]],"v":[[-5.173,18.742],[-49.616,18.742],[-52.616,15.742],[-52.616,-28.701]],"c":true}]},{"i":{"x":0.833,"y":0.833},"o":{"x":0.167,"y":0.167},"t":23,"s":[{"i":[[0,0],[0,0],[0,1.657],[0,0]],"o":[[0,0],[-1.657,0],[0,0],[0,0]],"v":[[-4.837,19.991],[-49.28,19.991],[-52.28,16.991],[-52.28,-27.452]],"c":true}]},{"i":{"x":0.833,"y":0.833},"o":{"x":0.167,"y":0.167},"t":27,"s":[{"i":[[0,0],[0,0],[0,1.657],[0,0]],"o":[[0,0],[-1.657,0],[0,0],[0,0]],"v":[[-2.746,18.514],[-47.189,18.514],[-50.189,15.514],[-50.189,-28.929]],"c":true}]},{"i":{"x":0.833,"y":0.833},"o":{"x":0.167,"y":0.167},"t":30,"s":[{"i":[[0,0],[0,0],[0,1.657],[0,0]],"o":[[0,0],[-1.657,0],[0,0],[0,0]],"v":[[0.768,17.547],[-43.675,17.547],[-46.675,14.547],[-46.675,-29.896]],"c":true}]},{"i":{"x":0.833,"y":0.833},"o":{"x":0.167,"y":0.167},"t":35,"s":[{"i":[[0,0],[0,0],[0,1.657],[0,0]],"o":[[0,0],[-1.657,0],[0,0],[0,0]],"v":[[-0.763,15.895],[-45.206,15.895],[-48.206,12.895],[-48.206,-31.548]],"c":true}]},{"i":{"x":0.833,"y":0.833},"o":{"x":0.167,"y":0.167},"t":37,"s":[{"i":[[0,0],[0,0],[0,1.657],[0,0]],"o":[[0,0],[-1.657,0],[0,0],[0,0]],"v":[[0.647,15.293],[-43.796,15.293],[-46.796,12.293],[-46.796,-32.15]],"c":true}]},{"i":{"x":0.833,"y":0.833},"o":{"x":0.167,"y":0.167},"t":42,"s":[{"i":[[0,0],[0,0],[0,1.657],[0,0]],"o":[[0,0],[-1.657,0],[0,0],[0,0]],"v":[[6.671,13.709],[-37.772,13.709],[-40.772,10.709],[-40.772,-33.734]],"c":true}]},{"i":{"x":0.833,"y":0.833},"o":{"x":0.167,"y":0.167},"t":45,"s":[{"i":[[0,0],[0,0],[0,1.657],[0,0]],"o":[[0,0],[-1.657,0],[0,0],[0,0]],"v":[[5.636,12.831],[-38.807,12.831],[-41.807,9.831],[-41.807,-34.612]],"c":true}]},{"i":{"x":0.833,"y":0.833},"o":{"x":0.167,"y":0.167},"t":48,"s":[{"i":[[0,0],[0,0],[0,1.657],[0,0]],"o":[[0,0],[-1.657,0],[0,0],[0,0]],"v":[[7.816,11.982],[-36.627,11.982],[-39.627,8.982],[-39.627,-35.461]],"c":true}]},{"i":{"x":0.833,"y":0.833},"o":{"x":0.167,"y":0.167},"t":51,"s":[{"i":[[0,0],[0,0],[0,1.657],[0,0]],"o":[[0,0],[-1.657,0],[0,0],[0,0]],"v":[[11.762,10.985],[-32.681,10.985],[-35.681,7.985],[-35.681,-36.458]],"c":true}]},{"i":{"x":0.833,"y":0.833},"o":{"x":0.167,"y":0.167},"t":55,"s":[{"i":[[0,0],[0,0],[0,1.657],[0,0]],"o":[[0,0],[-1.657,0],[0,0],[0,0]],"v":[[10.583,8.84],[-33.86,8.84],[-36.86,5.84],[-36.86,-38.603]],"c":true}]},{"i":{"x":0.711,"y":1},"o":{"x":0.167,"y":0.167},"t":58,"s":[{"i":[[0,0],[0,0],[0,1.657],[0,0]],"o":[[0,0],[-1.657,0],[0,0],[0,0]],"v":[[12.215,7.031],[-32.228,7.031],[-35.228,4.031],[-35.228,-40.412]],"c":true}]},{"i":{"x":0.833,"y":0.833},"o":{"x":0.167,"y":0},"t":60,"s":[{"i":[[0,0],[0,0],[0,1.657],[0,0]],"o":[[0,0],[-1.657,0],[0,0],[0,0]],"v":[[15.602,5.923],[-28.841,5.923],[-31.841,2.923],[-31.841,-41.52]],"c":true}]},{"i":{"x":0.833,"y":0.833},"o":{"x":0.167,"y":0.167},"t":62,"s":[{"i":[[0,0],[0,0],[0,1.657],[0,0]],"o":[[0,0],[-1.657,0],[0,0],[0,0]],"v":[[17.103,4.713],[-27.34,4.713],[-30.34,1.713],[-30.34,-42.73]],"c":true}]},{"i":{"x":0.833,"y":0.833},"o":{"x":0.167,"y":0.167},"t":65,"s":[{"i":[[0,0],[0,0],[0,1.657],[0,0]],"o":[[0,0],[-1.657,0],[0,0],[0,0]],"v":[[15.695,5.474],[-28.748,5.474],[-31.748,2.474],[-31.748,-41.969]],"c":true}]},{"i":{"x":0.833,"y":0.833},"o":{"x":0.167,"y":0.167},"t":68,"s":[{"i":[[0,0],[0,0],[0,1.657],[0,0]],"o":[[0,0],[-1.657,0],[0,0],[0,0]],"v":[[17.394,3.35],[-27.049,3.35],[-30.049,0.35],[-30.049,-44.093]],"c":true}]},{"i":{"x":0.833,"y":0.833},"o":{"x":0.167,"y":0.167},"t":71,"s":[{"i":[[0,0],[0,0],[0,1.657],[0,0]],"o":[[0,0],[-1.657,0],[0,0],[0,0]],"v":[[22.606,2.238],[-21.837,2.238],[-24.837,-0.762],[-24.837,-45.205]],"c":true}]},{"i":{"x":0.833,"y":0.833},"o":{"x":0.167,"y":0.167},"t":75,"s":[{"i":[[0,0],[0,0],[0,1.657],[0,0]],"o":[[0,0],[-1.657,0],[0,0],[0,0]],"v":[[20.933,1.612],[-23.51,1.612],[-26.51,-1.388],[-26.51,-45.831]],"c":true}]},{"i":{"x":0.833,"y":0.833},"o":{"x":0.167,"y":0.167},"t":78,"s":[{"i":[[0,0],[0,0],[0,1.657],[0,0]],"o":[[0,0],[-1.657,0],[0,0],[0,0]],"v":[[21.897,0.841],[-22.546,0.841],[-25.546,-2.159],[-25.546,-46.602]],"c":true}]},{"i":{"x":0.424,"y":1},"o":{"x":0.167,"y":0.167},"t":81,"s":[{"i":[[0,0],[0,0],[0,1.657],[0,0]],"o":[[0,0],[-1.657,0],[0,0],[0,0]],"v":[[23.023,-0.231],[-21.42,-0.231],[-24.42,-3.231],[-24.42,-47.674]],"c":true}]},{"i":{"x":0.833,"y":0.833},"o":{"x":0.333,"y":0},"t":84,"s":[{"i":[[0,0],[0,0],[0,1.657],[0,0]],"o":[[0,0],[-1.657,0],[0,0],[0,0]],"v":[[24.521,-0.528],[-19.922,-0.528],[-22.922,-3.528],[-22.922,-47.972]],"c":true}]},{"i":{"x":0.833,"y":0.833},"o":{"x":0.167,"y":0.167},"t":86,"s":[{"i":[[0,0],[0,0],[0,1.657],[0,0]],"o":[[0,0],[-1.657,0],[0,0],[0,0]],"v":[[24.579,1.206],[-19.864,1.206],[-22.864,-1.794],[-22.864,-46.237]],"c":true}]},{"i":{"x":0.833,"y":0.833},"o":{"x":0.167,"y":0.167},"t":88,"s":[{"i":[[0,0],[0,0],[0,1.657],[0,0]],"o":[[0,0],[-1.657,0],[0,0],[0,0]],"v":[[24.508,2.471],[-19.935,2.471],[-22.935,-0.529],[-22.935,-44.972]],"c":true}]},{"i":{"x":0.833,"y":0.833},"o":{"x":0.167,"y":0.167},"t":93,"s":[{"i":[[0,0],[0,0],[0,1.657],[0,0]],"o":[[0,0],[-1.657,0],[0,0],[0,0]],"v":[[24.889,11.773],[-19.554,11.773],[-22.554,8.773],[-22.554,-35.67]],"c":true}]},{"i":{"x":0.667,"y":1},"o":{"x":0.167,"y":0.167},"t":97,"s":[{"i":[[0,0],[0,0],[0,1.657],[0,0]],"o":[[0,0],[-1.657,0],[0,0],[0,0]],"v":[[24.872,18.514],[-19.571,18.514],[-22.571,15.514],[-22.571,-28.929]],"c":true}]},{"t":100,"s":[{"i":[[0,0],[0,0],[0,1.657],[0,0]],"o":[[0,0],[-1.657,0],[0,0],[0,0]],"v":[[23.472,24.222],[-20.972,24.222],[-23.972,21.222],[-23.972,-23.222]],"c":true}]}],"ix":2},"nm":"Path 1","mn":"ADBE Vector Shape - Group","hd":false},{"ty":"fl","c":{"a":0,"k":[0.921568632126,0.901960790157,0.937254905701,1],"ix":4,"x":"var $bm_rt;\n$bm_rt = thisComp.layer('Color  & Stroke Change').effect('Quaternary')('Color');"},"o":{"a":0,"k":100,"ix":5},"r":1,"bm":0,"nm":"Fill 1","mn":"ADBE Vector Graphic - Fill","hd":false},{"ty":"tr","p":{"a":0,"k":[179.61,-13.279],"ix":2},"a":{"a":0,"k":[0,0],"ix":1},"s":{"a":0,"k":[100,100],"ix":3},"r":{"a":0,"k":0,"ix":6},"o":{"a":0,"k":50,"ix":7},"sk":{"a":0,"k":0,"ix":4},"sa":{"a":0,"k":0,"ix":5},"nm":"Transform"}],"nm":"Group 1","np":2,"cix":2,"bm":1,"ix":1,"mn":"ADBE Vector Group","hd":false},{"ty":"gr","it":[{"ind":0,"ty":"sh","ix":1,"ks":{"a":1,"k":[{"i":{"x":0.833,"y":0.833},"o":{"x":0.333,"y":0},"t":0,"s":[{"i":[[0,0],[0,0],[0,0],[0,0],[0,-1.657],[0,0],[0,0],[0,0]],"o":[[0,0],[0,0],[0,0],[-1.657,0],[0,0],[0,0],[0,0],[0,0]],"v":[[80.403,11.513],[80.403,-35.754],[32.96,-83.197],[-77.903,-83.197],[-80.903,-80.197],[-80.903,11.203],[-80.903,84.197],[80.403,84.197]],"c":true}]},{"i":{"x":0.833,"y":0.833},"o":{"x":0.167,"y":0.167},"t":3,"s":[{"i":[[0,0],[0,0],[0,0],[0,0],[0,-1.657],[0,0],[0,0],[0,0]],"o":[[0,0],[0,0],[0,0],[-1.657,0],[0,0],[0,0],[0,0],[0,0]],"v":[[77.254,7.005],[77.254,-40.262],[29.811,-87.705],[-81.052,-87.705],[-84.052,-84.705],[-84.052,6.696],[-84.052,79.689],[77.254,79.689]],"c":true}]},{"i":{"x":0.667,"y":1},"o":{"x":0.167,"y":0.167},"t":9,"s":[{"i":[[0,0],[0,0],[0,0],[0,0],[0,-1.657],[0,0],[0,0],[0,0]],"o":[[0,0],[0,0],[0,0],[-1.657,0],[0,0],[0,0],[0,0],[0,0]],"v":[[57.985,8.451],[57.985,-38.817],[10.541,-86.26],[-100.322,-86.26],[-103.322,-83.26],[-103.322,8.141],[-103.322,81.135],[57.985,81.135]],"c":true}]},{"i":{"x":0.833,"y":0.833},"o":{"x":0.143,"y":0},"t":15,"s":[{"i":[[0,0],[0,0],[0,0],[0,0],[0,-1.657],[0,0],[0,0],[0,0]],"o":[[0,0],[0,0],[0,0],[-1.657,0],[0,0],[0,0],[0,0],[0,0]],"v":[[46.125,8.076],[46.125,-39.192],[-1.318,-86.635],[-112.181,-86.635],[-115.181,-83.635],[-115.181,7.766],[-115.181,80.76],[46.125,80.76]],"c":true}]},{"i":{"x":0.833,"y":0.833},"o":{"x":0.167,"y":0.167},"t":19,"s":[{"i":[[0,0],[0,0],[0,0],[0,0],[0,-1.657],[0,0],[0,0],[0,0]],"o":[[0,0],[0,0],[0,0],[-1.657,0],[0,0],[0,0],[0,0],[0,0]],"v":[[51.759,6.034],[51.759,-41.234],[4.316,-88.677],[-106.547,-88.677],[-109.547,-85.677],[-109.547,5.724],[-109.547,78.718],[51.759,78.718]],"c":true}]},{"i":{"x":0.833,"y":0.833},"o":{"x":0.167,"y":0.167},"t":23,"s":[{"i":[[0,0],[0,0],[0,0],[0,0],[0,-1.657],[0,0],[0,0],[0,0]],"o":[[0,0],[0,0],[0,0],[-1.657,0],[0,0],[0,0],[0,0],[0,0]],"v":[[52.095,7.283],[52.095,-39.985],[4.652,-87.428],[-106.211,-87.428],[-109.211,-84.428],[-109.211,6.973],[-109.211,79.967],[52.095,79.967]],"c":true}]},{"i":{"x":0.833,"y":0.833},"o":{"x":0.167,"y":0.167},"t":27,"s":[{"i":[[0,0],[0,0],[0,0],[0,0],[0,-1.657],[0,0],[0,0],[0,0]],"o":[[0,0],[0,0],[0,0],[-1.657,0],[0,0],[0,0],[0,0],[0,0]],"v":[[54.186,5.806],[54.186,-41.462],[6.742,-88.905],[-104.121,-88.905],[-107.121,-85.905],[-107.121,5.496],[-107.121,78.49],[54.186,78.49]],"c":true}]},{"i":{"x":0.833,"y":0.833},"o":{"x":0.167,"y":0.167},"t":30,"s":[{"i":[[0,0],[0,0],[0,0],[0,0],[0,-1.657],[0,0],[0,0],[0,0]],"o":[[0,0],[0,0],[0,0],[-1.657,0],[0,0],[0,0],[0,0],[0,0]],"v":[[57.7,4.839],[57.7,-42.429],[10.257,-89.872],[-100.607,-89.872],[-103.607,-86.872],[-103.607,4.529],[-103.607,77.523],[57.7,77.523]],"c":true}]},{"i":{"x":0.833,"y":0.833},"o":{"x":0.167,"y":0.167},"t":35,"s":[{"i":[[0,0],[0,0],[0,0],[0,0],[0,-1.657],[0,0],[0,0],[0,0]],"o":[[0,0],[0,0],[0,0],[-1.657,0],[0,0],[0,0],[0,0],[0,0]],"v":[[56.168,3.187],[56.168,-44.081],[8.725,-91.524],[-102.138,-91.524],[-105.138,-88.524],[-105.138,2.877],[-105.138,75.871],[56.168,75.871]],"c":true}]},{"i":{"x":0.833,"y":0.833},"o":{"x":0.167,"y":0.167},"t":37,"s":[{"i":[[0,0],[0,0],[0,0],[0,0],[0,-1.657],[0,0],[0,0],[0,0]],"o":[[0,0],[0,0],[0,0],[-1.657,0],[0,0],[0,0],[0,0],[0,0]],"v":[[57.578,2.585],[57.578,-44.683],[10.135,-92.126],[-100.728,-92.126],[-103.728,-89.126],[-103.728,2.275],[-103.728,75.269],[57.578,75.269]],"c":true}]},{"i":{"x":0.833,"y":0.833},"o":{"x":0.167,"y":0.167},"t":42,"s":[{"i":[[0,0],[0,0],[0,0],[0,0],[0,-1.657],[0,0],[0,0],[0,0]],"o":[[0,0],[0,0],[0,0],[-1.657,0],[0,0],[0,0],[0,0],[0,0]],"v":[[63.603,1.001],[63.603,-46.267],[16.16,-93.71],[-94.703,-93.71],[-97.703,-90.71],[-97.703,0.691],[-97.703,73.685],[63.603,73.685]],"c":true}]},{"i":{"x":0.833,"y":0.833},"o":{"x":0.167,"y":0.167},"t":45,"s":[{"i":[[0,0],[0,0],[0,0],[0,0],[0,-1.657],[0,0],[0,0],[0,0]],"o":[[0,0],[0,0],[0,0],[-1.657,0],[0,0],[0,0],[0,0],[0,0]],"v":[[62.568,0.123],[62.568,-47.145],[15.124,-94.587],[-95.739,-94.587],[-98.739,-91.587],[-98.739,-0.187],[-98.739,72.807],[62.568,72.807]],"c":true}]},{"i":{"x":0.833,"y":0.833},"o":{"x":0.167,"y":0.167},"t":48,"s":[{"i":[[0,0],[0,0],[0,0],[0,0],[0,-1.657],[0,0],[0,0],[0,0]],"o":[[0,0],[0,0],[0,0],[-1.657,0],[0,0],[0,0],[0,0],[0,0]],"v":[[64.748,-0.726],[64.748,-47.994],[17.305,-95.437],[-93.558,-95.437],[-96.558,-92.437],[-96.558,-1.036],[-96.558,71.958],[64.748,71.958]],"c":true}]},{"i":{"x":0.833,"y":0.833},"o":{"x":0.167,"y":0.167},"t":51,"s":[{"i":[[0,0],[0,0],[0,0],[0,0],[0,-1.657],[0,0],[0,0],[0,0]],"o":[[0,0],[0,0],[0,0],[-1.657,0],[0,0],[0,0],[0,0],[0,0]],"v":[[68.693,-1.723],[68.693,-48.991],[21.25,-96.434],[-89.613,-96.434],[-92.613,-93.434],[-92.613,-2.033],[-92.613,70.961],[68.693,70.961]],"c":true}]},{"i":{"x":0.833,"y":0.833},"o":{"x":0.167,"y":0.167},"t":55,"s":[{"i":[[0,0],[0,0],[0,0],[0,0],[0,-1.657],[0,0],[0,0],[0,0]],"o":[[0,0],[0,0],[0,0],[-1.657,0],[0,0],[0,0],[0,0],[0,0]],"v":[[67.515,-3.868],[67.515,-51.136],[20.072,-98.579],[-90.791,-98.579],[-93.791,-95.579],[-93.791,-4.178],[-93.791,68.816],[67.515,68.816]],"c":true}]},{"i":{"x":0.711,"y":1},"o":{"x":0.167,"y":0.167},"t":58,"s":[{"i":[[0,0],[0,0],[0,0],[0,0],[0,-1.657],[0,0],[0,0],[0,0]],"o":[[0,0],[0,0],[0,0],[-1.657,0],[0,0],[0,0],[0,0],[0,0]],"v":[[69.147,-5.677],[69.147,-52.945],[21.703,-100.387],[-89.16,-100.387],[-92.16,-97.387],[-92.16,-5.987],[-92.16,67.007],[69.147,67.007]],"c":true}]},{"i":{"x":0.833,"y":0.833},"o":{"x":0.167,"y":0},"t":60,"s":[{"i":[[0,0],[0,0],[0,0],[0,0],[0,-1.657],[0,0],[0,0],[0,0]],"o":[[0,0],[0,0],[0,0],[-1.657,0],[0,0],[0,0],[0,0],[0,0]],"v":[[72.534,-6.785],[72.534,-54.052],[25.091,-101.495],[-85.772,-101.495],[-88.772,-98.495],[-88.772,-7.095],[-88.772,65.899],[72.534,65.899]],"c":true}]},{"i":{"x":0.833,"y":0.833},"o":{"x":0.167,"y":0.167},"t":62,"s":[{"i":[[0,0],[0,0],[0,0],[0,0],[0,-1.657],[0,0],[0,0],[0,0]],"o":[[0,0],[0,0],[0,0],[-1.657,0],[0,0],[0,0],[0,0],[0,0]],"v":[[74.035,-7.995],[74.035,-55.263],[26.592,-102.706],[-84.271,-102.706],[-87.271,-99.706],[-87.271,-8.305],[-87.271,64.688],[74.035,64.688]],"c":true}]},{"i":{"x":0.833,"y":0.833},"o":{"x":0.167,"y":0.167},"t":65,"s":[{"i":[[0,0],[0,0],[0,0],[0,0],[0,-1.657],[0,0],[0,0],[0,0]],"o":[[0,0],[0,0],[0,0],[-1.657,0],[0,0],[0,0],[0,0],[0,0]],"v":[[72.627,-7.235],[72.627,-54.502],[25.184,-101.945],[-85.679,-101.945],[-88.679,-98.945],[-88.679,-7.545],[-88.679,65.449],[72.627,65.449]],"c":true}]},{"i":{"x":0.833,"y":0.833},"o":{"x":0.167,"y":0.167},"t":68,"s":[{"i":[[0,0],[0,0],[0,0],[0,0],[0,-1.657],[0,0],[0,0],[0,0]],"o":[[0,0],[0,0],[0,0],[-1.657,0],[0,0],[0,0],[0,0],[0,0]],"v":[[74.326,-9.358],[74.326,-56.626],[26.883,-104.069],[-83.98,-104.069],[-86.98,-101.069],[-86.98,-9.668],[-86.98,63.326],[74.326,63.326]],"c":true}]},{"i":{"x":0.833,"y":0.833},"o":{"x":0.167,"y":0.167},"t":71,"s":[{"i":[[0,0],[0,0],[0,0],[0,0],[0,-1.657],[0,0],[0,0],[0,0]],"o":[[0,0],[0,0],[0,0],[-1.657,0],[0,0],[0,0],[0,0],[0,0]],"v":[[79.537,-10.471],[79.537,-57.738],[32.094,-105.181],[-78.769,-105.181],[-81.769,-102.181],[-81.769,-10.78],[-81.769,62.213],[79.537,62.213]],"c":true}]},{"i":{"x":0.833,"y":0.833},"o":{"x":0.167,"y":0.167},"t":75,"s":[{"i":[[0,0],[0,0],[0,0],[0,0],[0,-1.657],[0,0],[0,0],[0,0]],"o":[[0,0],[0,0],[0,0],[-1.657,0],[0,0],[0,0],[0,0],[0,0]],"v":[[77.865,-11.096],[77.865,-58.364],[30.422,-105.807],[-80.442,-105.807],[-83.442,-102.807],[-83.442,-11.406],[-83.442,61.588],[77.865,61.588]],"c":true}]},{"i":{"x":0.833,"y":0.833},"o":{"x":0.167,"y":0.167},"t":78,"s":[{"i":[[0,0],[0,0],[0,0],[0,0],[0,-1.657],[0,0],[0,0],[0,0]],"o":[[0,0],[0,0],[0,0],[-1.657,0],[0,0],[0,0],[0,0],[0,0]],"v":[[78.828,-11.867],[78.828,-59.135],[31.385,-106.578],[-79.478,-106.578],[-82.478,-103.578],[-82.478,-12.177],[-82.478,60.817],[78.828,60.817]],"c":true}]},{"i":{"x":0.424,"y":1},"o":{"x":0.167,"y":0.167},"t":81,"s":[{"i":[[0,0],[0,0],[0,0],[0,0],[0,-1.657],[0,0],[0,0],[0,0]],"o":[[0,0],[0,0],[0,0],[-1.657,0],[0,0],[0,0],[0,0],[0,0]],"v":[[79.955,-12.939],[79.955,-60.207],[32.512,-107.65],[-78.351,-107.65],[-81.351,-104.65],[-81.351,-13.249],[-81.351,59.745],[79.955,59.745]],"c":true}]},{"i":{"x":0.833,"y":0.833},"o":{"x":0.333,"y":0},"t":84,"s":[{"i":[[0,0],[0,0],[0,0],[0,0],[0,-1.657],[0,0],[0,0],[0,0]],"o":[[0,0],[0,0],[0,0],[-1.657,0],[0,0],[0,0],[0,0],[0,0]],"v":[[81.453,-13.237],[81.453,-60.504],[34.01,-107.947],[-76.853,-107.947],[-79.853,-104.947],[-79.853,-13.547],[-79.853,59.447],[81.453,59.447]],"c":true}]},{"i":{"x":0.833,"y":0.833},"o":{"x":0.167,"y":0.167},"t":86,"s":[{"i":[[0,0],[0,0],[0,0],[0,0],[0,-1.657],[0,0],[0,0],[0,0]],"o":[[0,0],[0,0],[0,0],[-1.657,0],[0,0],[0,0],[0,0],[0,0]],"v":[[81.511,-11.502],[81.511,-58.77],[34.067,-106.213],[-76.796,-106.213],[-79.796,-103.213],[-79.796,-11.812],[-79.796,61.182],[81.511,61.182]],"c":true}]},{"i":{"x":0.833,"y":0.833},"o":{"x":0.167,"y":0.167},"t":88,"s":[{"i":[[0,0],[0,0],[0,0],[0,0],[0,-1.657],[0,0],[0,0],[0,0]],"o":[[0,0],[0,0],[0,0],[-1.657,0],[0,0],[0,0],[0,0],[0,0]],"v":[[81.439,-10.238],[81.439,-57.505],[33.996,-104.948],[-76.867,-104.948],[-79.867,-101.948],[-79.867,-10.547],[-79.867,62.446],[81.439,62.446]],"c":true}]},{"i":{"x":0.833,"y":0.833},"o":{"x":0.167,"y":0.167},"t":93,"s":[{"i":[[0,0],[0,0],[0,0],[0,0],[0,-1.657],[0,0],[0,0],[0,0]],"o":[[0,0],[0,0],[0,0],[-1.657,0],[0,0],[0,0],[0,0],[0,0]],"v":[[81.821,-0.936],[81.821,-48.203],[34.377,-95.646],[-76.486,-95.646],[-79.486,-92.646],[-79.486,-1.245],[-79.486,71.748],[81.821,71.748]],"c":true}]},{"i":{"x":0.667,"y":1},"o":{"x":0.167,"y":0.167},"t":97,"s":[{"i":[[0,0],[0,0],[0,0],[0,0],[0,-1.657],[0,0],[0,0],[0,0]],"o":[[0,0],[0,0],[0,0],[-1.657,0],[0,0],[0,0],[0,0],[0,0]],"v":[[81.804,5.805],[81.804,-41.462],[34.361,-88.905],[-76.502,-88.905],[-79.502,-85.905],[-79.502,5.495],[-79.502,78.489],[81.804,78.489]],"c":true}]},{"t":100,"s":[{"i":[[0,0],[0,0],[0,0],[0,0],[0,-1.657],[0,0],[0,0],[0,0]],"o":[[0,0],[0,0],[0,0],[-1.657,0],[0,0],[0,0],[0,0],[0,0]],"v":[[80.403,11.513],[80.403,-35.754],[32.96,-83.197],[-77.903,-83.197],[-80.903,-80.197],[-80.903,11.203],[-80.903,84.197],[80.403,84.197]],"c":true}]}],"ix":2},"nm":"Path 1","mn":"ADBE Vector Shape - Group","hd":false},{"ty":"fl","c":{"a":0,"k":[0.921568632126,0.901960790157,0.937254905701,1],"ix":4,"x":"var $bm_rt;\n$bm_rt = thisComp.layer('Color  & Stroke Change').effect('Quaternary')('Color');"},"o":{"a":0,"k":100,"ix":5},"r":1,"bm":0,"nm":"Fill 1","mn":"ADBE Vector Graphic - Fill","hd":false},{"ty":"tr","p":{"a":0,"k":[122.679,46.696],"ix":2},"a":{"a":0,"k":[0,0],"ix":1},"s":{"a":0,"k":[100,100],"ix":3},"r":{"a":0,"k":0,"ix":6},"o":{"a":0,"k":100,"ix":7},"sk":{"a":0,"k":0,"ix":4},"sa":{"a":0,"k":0,"ix":5},"nm":"Transform"}],"nm":"Group 2","np":2,"cix":2,"bm":0,"ix":2,"mn":"ADBE Vector Group","hd":false},{"ty":"tr","p":{"a":0,"k":[88.179,49.946],"ix":2},"a":{"a":0,"k":[89.179,47.196],"ix":1},"s":{"a":0,"k":[100,100],"ix":3},"r":{"a":0,"k":0,"ix":6},"o":{"a":0,"k":100,"ix":7},"sk":{"a":1,"k":[{"i":{"x":[0.833],"y":[0.833]},"o":{"x":[0.167],"y":[0.167]},"t":0,"s":[0]},{"i":{"x":[0.833],"y":[0.833]},"o":{"x":[0.167],"y":[0.167]},"t":2,"s":[0]},{"i":{"x":[0.833],"y":[0.833]},"o":{"x":[0.167],"y":[0.167]},"t":9,"s":[-9]},{"i":{"x":[0.833],"y":[0.833]},"o":{"x":[0.167],"y":[0.167]},"t":17,"s":[5]},{"i":{"x":[0.833],"y":[0.833]},"o":{"x":[0.167],"y":[0.167]},"t":23,"s":[0]},{"i":{"x":[0.833],"y":[0.833]},"o":{"x":[0.167],"y":[0.167]},"t":27,"s":[0]},{"i":{"x":[0.833],"y":[0.833]},"o":{"x":[0.167],"y":[0.167]},"t":30,"s":[3]},{"i":{"x":[0.833],"y":[0.833]},"o":{"x":[0.167],"y":[0.167]},"t":35,"s":[-2]},{"i":{"x":[0.833],"y":[0.833]},"o":{"x":[0.167],"y":[0.167]},"t":37,"s":[0]},{"i":{"x":[0.833],"y":[0.833]},"o":{"x":[0.167],"y":[0.167]},"t":40,"s":[3]},{"i":{"x":[0.833],"y":[0.833]},"o":{"x":[0.167],"y":[0.167]},"t":45,"s":[-2]},{"i":{"x":[0.833],"y":[0.833]},"o":{"x":[0.167],"y":[0.167]},"t":48,"s":[0]},{"i":{"x":[0.833],"y":[0.833]},"o":{"x":[0.167],"y":[0.167]},"t":50.727,"s":[3]},{"i":{"x":[0.833],"y":[0.833]},"o":{"x":[0.167],"y":[0.167]},"t":55.273,"s":[-2]},{"i":{"x":[0.833],"y":[0.833]},"o":{"x":[0.167],"y":[0.167]},"t":58,"s":[0]},{"i":{"x":[0.833],"y":[0.833]},"o":{"x":[0.167],"y":[0.167]},"t":60.727,"s":[3]},{"i":{"x":[0.833],"y":[0.833]},"o":{"x":[0.167],"y":[0.167]},"t":65.273,"s":[-2]},{"i":{"x":[0.833],"y":[0.833]},"o":{"x":[0.167],"y":[0.167]},"t":68,"s":[0]},{"i":{"x":[0.833],"y":[0.833]},"o":{"x":[0.167],"y":[0.167]},"t":70.727,"s":[3]},{"i":{"x":[0.833],"y":[0.833]},"o":{"x":[0.167],"y":[0.167]},"t":75.273,"s":[-2]},{"i":{"x":[0.833],"y":[0.833]},"o":{"x":[0.167],"y":[0.167]},"t":78,"s":[0]},{"i":{"x":[0.833],"y":[0.833]},"o":{"x":[0.167],"y":[0.167]},"t":80.727,"s":[3]},{"i":{"x":[0.833],"y":[0.833]},"o":{"x":[0.167],"y":[0.167]},"t":85.273,"s":[-2]},{"t":88,"s":[0]}],"ix":4},"sa":{"a":0,"k":0,"ix":5},"nm":"Transform"}],"nm":"Group 1","np":2,"cix":2,"bm":0,"ix":1,"mn":"ADBE Vector Group","hd":false}],"ip":0,"op":844,"st":0,"bm":0}],"markers":[]}