{"v":"5.8.1","fr":60,"ip":0,"op":151,"w":500,"h":500,"nm":"1875-planet-lineal","ddd":0,"assets":[],"layers":[{"ddd":0,"ind":1,"ty":3,"nm":"02092020","sr":1,"ks":{"o":{"a":0,"k":0,"ix":11},"r":{"a":0,"k":0,"ix":10},"p":{"a":0,"k":[-105,15,0],"ix":2,"l":2},"a":{"a":0,"k":[60,60,0],"ix":1,"l":2},"s":{"a":0,"k":[100,100,100],"ix":6,"l":2}},"ao":0,"ef":[{"ty":5,"nm":"02092020002","np":3,"mn":"ADBE Checkbox Control","ix":1,"en":1,"ef":[{"ty":7,"nm":"Checkbox","mn":"ADBE Checkbox Control-0001","ix":1,"v":{"a":0,"k":0,"ix":1}}]}],"ip":0,"op":844,"st":0,"bm":0},{"ddd":0,"ind":2,"ty":4,"nm":"lordicon.com Outlines","cl":"com","sr":1,"ks":{"o":{"a":0,"k":100,"ix":11,"x":"var $bm_rt;\nvar checkbox = thisComp.layer('02092020').effect('02092020002')('Checkbox');\nif (checkbox == 1) {\n    $bm_rt = 20;\n} else {\n    $bm_rt = 0;\n}\n;"},"r":{"a":0,"k":0,"ix":10},"p":{"a":0,"k":[249.934,481.369,0],"ix":2,"l":2},"a":{"a":0,"k":[79.934,0.369,0],"ix":1,"l":2},"s":{"a":0,"k":[265.159,265.159,100],"ix":6,"l":2}},"ao":0,"shapes":[{"ind":0,"ty":"sh","ix":1,"ks":{"a":0,"k":{"i":[[0,0],[0,0],[0,0],[0,0],[0,0],[0,0]],"o":[[0,0],[0,0],[0,0],[0,0],[0,0],[0,0]],"v":[[1.415,0],[11.014,0],[11.014,-2.523],[4.656,-2.523],[4.656,-14.809],[1.415,-14.809]],"c":true},"ix":2},"nm":"l","mn":"ADBE Vector Shape - Group","hd":false},{"ind":1,"ty":"sh","ix":2,"ks":{"a":0,"k":{"i":[[0,-3.938],[-1.62,-1.723],[-1.949,0],[-1.641,1.846],[0,2.154],[1.579,1.805],[1.579,0]],"o":[[0,1.354],[1.354,1.415],[1.231,0],[1.21,-1.354],[0,-1.456],[-1.456,-1.641],[-5.333,0]],"v":[[11.167,-7.199],[12.992,-1.661],[18.243,0.369],[23.514,-1.743],[25.381,-7.548],[23.494,-13.127],[18.284,-15.137]],"c":true},"ix":2},"nm":"o","mn":"ADBE Vector Shape - Group","hd":false},{"ind":2,"ty":"sh","ix":3,"ks":{"a":0,"k":{"i":[[0,1.415],[-0.841,1.026],[-1.19,0],[-0.615,-1.825],[0,-0.718],[0.492,-0.738],[1.292,0],[0.451,0.615]],"o":[[0,-1.682],[0.595,-0.759],[1.518,0],[0.308,0.902],[0,2.359],[-0.595,0.923],[-1.477,0],[-0.882,-1.149]],"v":[[14.49,-7.302],[15.577,-11.609],[18.305,-12.86],[21.689,-10.235],[22.058,-7.589],[21.053,-3.343],[18.284,-1.969],[15.597,-3.159]],"c":true},"ix":2},"nm":"o","mn":"ADBE Vector Shape - Group","hd":false},{"ind":3,"ty":"sh","ix":4,"ks":{"a":0,"k":{"i":[[0,0],[0,0],[0,0],[0,0],[-0.287,-0.841],[-0.144,-0.82],[0,0],[0.164,0.656],[0.226,1.743],[2.236,0.205],[0,2.769],[0.923,0.8],[1.641,-0.021],[0,0]],"o":[[0,0],[0,0],[0,0],[0.533,0],[0.205,0.574],[0,0],[-0.164,-0.246],[-0.103,-0.41],[-0.267,-1.928],[0.718,-0.205],[0,-0.964],[-1.19,-1.026],[0,0],[0,0]],"v":[[27.381,0],[30.622,0],[30.622,-5.989],[33.411,-5.989],[35.011,-5.148],[35.811,0],[39.318,0],[38.867,-1.067],[38.416,-3.938],[35.749,-7.343],[38.847,-10.973],[37.554,-13.824],[33.063,-14.829],[27.381,-14.829]],"c":true},"ix":2},"nm":"r","mn":"ADBE Vector Shape - Group","hd":false},{"ind":4,"ty":"sh","ix":5,"ks":{"a":0,"k":{"i":[[0,0],[0,0],[-0.492,-0.349],[0,-1.005],[0.226,-0.164],[0.369,0],[0,0]],"o":[[0,0],[1.005,0],[0.287,0.185],[0,1.046],[-0.513,0.41],[0,0],[0,0]],"v":[[30.519,-12.491],[32.652,-12.491],[34.744,-12.142],[35.524,-10.481],[34.703,-8.758],[33.083,-8.348],[30.519,-8.348]],"c":true},"ix":2},"nm":"r","mn":"ADBE Vector Shape - Group","hd":false},{"ind":5,"ty":"sh","ix":6,"ks":{"a":0,"k":{"i":[[0,0],[0,0],[-0.554,0.103],[0,4.553],[1.866,1.374],[0.82,0],[0,0]],"o":[[0,0],[1.497,0],[2.81,-0.513],[0,-2.113],[-1.784,-1.313],[0,0],[0,0]],"v":[[41.068,0],[45.683,0],[48.349,-0.164],[53.6,-7.609],[51.077,-13.434],[45.97,-14.768],[41.068,-14.788]],"c":true},"ix":2},"nm":"d","mn":"ADBE Vector Shape - Group","hd":false},{"ind":6,"ty":"sh","ix":7,"ks":{"a":0,"k":{"i":[[0,0],[-0.656,-0.185],[0,-2.092],[1.251,-1.251],[1.354,0],[0.349,0.021]],"o":[[1.825,-0.082],[1.99,0.554],[0,0.718],[-0.923,0.923],[-0.369,0],[0,0]],"v":[[44.288,-12.388],[47.611,-12.183],[50.318,-7.609],[48.985,-3.425],[45.539,-2.4],[44.288,-2.441]],"c":true},"ix":2},"nm":"d","mn":"ADBE Vector Shape - Group","hd":false},{"ind":7,"ty":"sh","ix":8,"ks":{"a":0,"k":{"i":[[0,0],[0,0],[0,0],[0,0]],"o":[[0,0],[0,0],[0,0],[0,0]],"v":[[55.669,0],[58.849,0],[58.849,-14.87],[55.669,-14.87]],"c":true},"ix":2},"nm":"i","mn":"ADBE Vector Shape - Group","hd":false},{"ind":8,"ty":"sh","ix":9,"ks":{"a":0,"k":{"i":[[0,0],[3.241,0],[0,-4.697],[-5.107,0],[-1.313,1.354],[-0.062,0.882],[0,0],[1.333,0],[0,0.882],[-2.359,0],[-0.062,-0.513]],"o":[[0,-2.954],[-4.164,0],[0,3.671],[1.354,0],[1.19,-1.231],[0,0],[-0.062,1.969],[-3.097,0],[0,-3.056],[2.154,0],[0,0]],"v":[[73.104,-9.989],[67.587,-14.911],[60.798,-7.097],[67.566,0.349],[71.894,-1.313],[73.227,-4.799],[69.884,-4.799],[67.218,-1.99],[64.121,-7.076],[67.464,-12.593],[69.864,-9.989]],"c":true},"ix":2},"nm":"c","mn":"ADBE Vector Shape - Group","hd":false},{"ind":9,"ty":"sh","ix":10,"ks":{"a":0,"k":{"i":[[0,-3.938],[-1.62,-1.723],[-1.949,0],[-1.641,1.846],[0,2.154],[1.579,1.805],[1.579,0]],"o":[[0,1.354],[1.354,1.415],[1.231,0],[1.21,-1.354],[0,-1.456],[-1.456,-1.641],[-5.333,0]],"v":[[74.546,-7.199],[76.372,-1.661],[81.622,0.369],[86.894,-1.743],[88.76,-7.548],[86.873,-13.127],[81.663,-15.137]],"c":true},"ix":2},"nm":"o","mn":"ADBE Vector Shape - Group","hd":false},{"ind":10,"ty":"sh","ix":11,"ks":{"a":0,"k":{"i":[[0,1.415],[-0.841,1.026],[-1.19,0],[-0.615,-1.825],[0,-0.718],[0.492,-0.738],[1.292,0],[0.451,0.615]],"o":[[0,-1.682],[0.595,-0.759],[1.518,0],[0.308,0.902],[0,2.359],[-0.595,0.923],[-1.477,0],[-0.882,-1.149]],"v":[[77.869,-7.302],[78.956,-11.609],[81.684,-12.86],[85.068,-10.235],[85.437,-7.589],[84.432,-3.343],[81.663,-1.969],[78.977,-3.159]],"c":true},"ix":2},"nm":"o","mn":"ADBE Vector Shape - Group","hd":false},{"ind":11,"ty":"sh","ix":12,"ks":{"a":0,"k":{"i":[[0,0],[0,0],[0,0],[0,0],[0,0],[0,0],[0,0],[0,0],[0,0],[0,0]],"o":[[0,0],[0,0],[0,0],[0,0],[0,0],[0,0],[0,0],[0,0],[0,0],[0,0]],"v":[[91.007,0],[94.001,0],[94.001,-12.306],[99.744,0],[104.113,0],[104.113,-14.829],[101.159,-14.829],[101.159,-3.159],[95.601,-14.829],[91.007,-14.829]],"c":true},"ix":2},"nm":"n","mn":"ADBE Vector Shape - Group","hd":false},{"ind":12,"ty":"sh","ix":13,"ks":{"a":0,"k":{"i":[[0,0],[0,0],[0,0],[0,0]],"o":[[0,0],[0,0],[0,0],[0,0]],"v":[[106.893,0],[109.497,0],[109.497,-2.728],[106.893,-2.728]],"c":true},"ix":2},"nm":".","mn":"ADBE Vector Shape - Group","hd":false},{"ind":13,"ty":"sh","ix":14,"ks":{"a":0,"k":{"i":[[0,0],[3.241,0],[0,-4.697],[-5.107,0],[-1.313,1.354],[-0.062,0.882],[0,0],[1.333,0],[0,0.882],[-2.359,0],[-0.062,-0.513]],"o":[[0,-2.954],[-4.164,0],[0,3.671],[1.354,0],[1.19,-1.231],[0,0],[-0.062,1.969],[-3.097,0],[0,-3.056],[2.154,0],[0,0]],"v":[[124.04,-9.989],[118.523,-14.911],[111.734,-7.097],[118.502,0.349],[122.83,-1.313],[124.163,-4.799],[120.82,-4.799],[118.154,-1.99],[115.057,-7.076],[118.4,-12.593],[120.8,-9.989]],"c":true},"ix":2},"nm":"c","mn":"ADBE Vector Shape - Group","hd":false},{"ind":14,"ty":"sh","ix":15,"ks":{"a":0,"k":{"i":[[0,-3.938],[-1.62,-1.723],[-1.949,0],[-1.641,1.846],[0,2.154],[1.579,1.805],[1.579,0]],"o":[[0,1.354],[1.354,1.415],[1.231,0],[1.21,-1.354],[0,-1.456],[-1.456,-1.641],[-5.333,0]],"v":[[125.482,-7.199],[127.308,-1.661],[132.558,0.369],[137.829,-1.743],[139.696,-7.548],[137.809,-13.127],[132.599,-15.137]],"c":true},"ix":2},"nm":"o","mn":"ADBE Vector Shape - Group","hd":false},{"ind":15,"ty":"sh","ix":16,"ks":{"a":0,"k":{"i":[[0,1.415],[-0.841,1.026],[-1.19,0],[-0.615,-1.825],[0,-0.718],[0.492,-0.738],[1.292,0],[0.451,0.615]],"o":[[0,-1.682],[0.595,-0.759],[1.518,0],[0.308,0.902],[0,2.359],[-0.595,0.923],[-1.477,0],[-0.882,-1.149]],"v":[[128.805,-7.302],[129.892,-11.609],[132.62,-12.86],[136.004,-10.235],[136.373,-7.589],[135.368,-3.343],[132.599,-1.969],[129.912,-3.159]],"c":true},"ix":2},"nm":"o","mn":"ADBE Vector Shape - Group","hd":false},{"ind":16,"ty":"sh","ix":17,"ks":{"a":0,"k":{"i":[[0,0],[0,0],[0,0],[0,0],[0,0],[0,0],[0,0],[0,0],[0,0],[0,0],[0,0],[0,0],[0,0]],"o":[[0,0],[0,0],[0,0],[0,0],[0,0],[0,0],[0,0],[0,0],[0,0],[0,0],[0,0],[0,0],[0,0]],"v":[[141.696,0],[144.67,0],[144.67,-12.716],[148.629,0],[151.254,0],[155.295,-12.716],[155.295,0],[158.453,0],[158.453,-14.829],[153.408,-14.829],[150.024,-4.041],[146.885,-14.829],[141.696,-14.829]],"c":true},"ix":2},"nm":"m","mn":"ADBE Vector Shape - Group","hd":false},{"ty":"fl","c":{"a":0,"k":[0,0,0,1],"ix":4},"o":{"a":0,"k":100,"ix":5},"r":1,"bm":0,"nm":"Fill 1","mn":"ADBE Vector Graphic - Fill","hd":false}],"ip":2.5,"op":25,"st":0,"bm":0},{"ddd":0,"ind":3,"ty":3,"nm":"Color  & Stroke Change","sr":1,"ks":{"o":{"a":0,"k":0,"ix":11},"r":{"a":0,"k":0,"ix":10},"p":{"a":0,"k":[0,0],"ix":2,"l":2},"a":{"a":0,"k":[0,0,0],"ix":1,"l":2},"s":{"a":0,"k":[100,100,100],"ix":6,"l":2}},"ao":0,"ef":[{"ty":5,"nm":"Stroke","np":3,"mn":"ADBE Slider Control","ix":1,"en":1,"ef":[{"ty":0,"nm":"Slider","mn":"ADBE Slider Control-0001","ix":1,"v":{"a":0,"k":70,"ix":1}}]},{"ty":5,"nm":"Axis","np":3,"mn":"ADBE Point Control","ix":2,"en":1,"ef":[{"ty":3,"nm":"Point","mn":"ADBE Point Control-0001","ix":1,"v":{"a":0,"k":[250,250],"ix":1}}]},{"ty":5,"nm":"Scale","np":3,"mn":"ADBE Slider Control","ix":3,"en":1,"ef":[{"ty":0,"nm":"Slider","mn":"ADBE Slider Control-0001","ix":1,"v":{"a":0,"k":100,"ix":1}}]},{"ty":5,"nm":"Primary","np":3,"mn":"ADBE Color Control","ix":4,"en":1,"ef":[{"ty":2,"nm":"Color","mn":"ADBE Color Control-0001","ix":1,"v":{"a":0,"k":[0.188,0.788,0.91],"ix":1}}]},{"ty":5,"nm":"Secondary","np":3,"mn":"ADBE Color Control","ix":5,"en":1,"ef":[{"ty":2,"nm":"Color","mn":"ADBE Color Control-0001","ix":1,"v":{"a":0,"k":[0.188,0.91,0.286],"ix":1}}]}],"ip":0,"op":844,"st":0,"bm":0},{"ddd":0,"ind":4,"ty":3,"nm":"NULL","sr":1,"ks":{"o":{"a":0,"k":0,"ix":11},"r":{"a":0,"k":0,"ix":10},"p":{"a":0,"k":[250,250,0],"ix":2,"l":2,"x":"var $bm_rt;\n$bm_rt = thisComp.layer('Color  & Stroke Change').effect('Axis')('Point');"},"a":{"a":0,"k":[60,60,0],"ix":1,"l":2},"s":{"a":0,"k":[100,100,100],"ix":6,"l":2,"x":"var $bm_rt;\nvar temp;\ntemp = thisComp.layer('Color  & Stroke Change').effect('Scale')('Slider');\n$bm_rt = [\n    temp,\n    temp\n];"}},"ao":0,"ip":0,"op":844,"st":0,"bm":0},{"ddd":0,"ind":5,"ty":4,"nm":"Planet Ring","parent":6,"sr":1,"ks":{"o":{"a":0,"k":100,"ix":11},"r":{"a":0,"k":-29,"ix":10},"p":{"a":0,"k":[0,0,0],"ix":2,"l":2},"a":{"a":0,"k":[0,0,0],"ix":1,"l":2},"s":{"a":0,"k":[100,100,100],"ix":6,"l":2}},"ao":0,"shapes":[{"ty":"gr","it":[{"ind":0,"ty":"sh","ix":1,"ks":{"a":1,"k":[{"i":{"x":0.173,"y":1},"o":{"x":0.256,"y":0},"t":0,"s":[{"i":[[0,-35.953],[104.487,0],[0,35.953],[-104.487,0]],"o":[[0,35.953],[-104.487,0],[0,-35.953],[104.487,0]],"v":[[189.191,0],[0,65.098],[-189.191,0],[0,-65.098]],"c":true}]},{"i":{"x":0.4,"y":1},"o":{"x":0.6,"y":0},"t":75,"s":[{"i":[[0,-21.303],[117.121,0],[0,21.303],[-117.121,0]],"o":[[0,21.303],[-117.121,0],[0,-21.303],[117.121,0]],"v":[[212.066,0],[0,38.572],[-212.066,0],[0,-38.572]],"c":true}]},{"t":150,"s":[{"i":[[0,-35.953],[104.487,0],[0,35.953],[-104.487,0]],"o":[[0,35.953],[-104.487,0],[0,-35.953],[104.487,0]],"v":[[189.191,0],[0,65.098],[-189.191,0],[0,-65.098]],"c":true}]}],"ix":2},"nm":"Path 1","mn":"ADBE Vector Shape - Group","hd":false},{"ty":"tm","s":{"a":0,"k":0,"ix":1},"e":{"a":0,"k":50,"ix":2},"o":{"a":0,"k":0,"ix":3},"m":1,"ix":2,"nm":"Trim Paths 1","mn":"ADBE Vector Filter - Trim","hd":false},{"ty":"st","c":{"a":0,"k":[0.070588235294,0.074509803922,0.192156877705,1],"ix":3,"x":"var $bm_rt;\n$bm_rt = comp('1875-planet-lineal').layer('Color  & Stroke Change').effect('Primary')('Color');"},"o":{"a":0,"k":100,"ix":4},"w":{"a":0,"k":7,"ix":5,"x":"var $bm_rt;\n$bm_rt = $bm_mul($bm_div(value, 70), comp('1875-planet-lineal').layer('Color  & Stroke Change').effect('Stroke')('Slider'));"},"lc":2,"lj":2,"bm":0,"nm":"Stroke 1","mn":"ADBE Vector Graphic - Stroke","hd":false},{"ty":"tr","p":{"a":0,"k":[0,0],"ix":2},"a":{"a":0,"k":[0,0],"ix":1},"s":{"a":0,"k":[100,100],"ix":3},"r":{"a":0,"k":0,"ix":6},"o":{"a":0,"k":100,"ix":7},"sk":{"a":0,"k":0,"ix":4},"sa":{"a":0,"k":0,"ix":5},"nm":"Transform"}],"nm":"Group 1","np":3,"cix":2,"bm":0,"ix":1,"mn":"ADBE Vector Group","hd":false}],"ip":0,"op":844,"st":0,"bm":0},{"ddd":0,"ind":6,"ty":4,"nm":"Planet","parent":4,"sr":1,"ks":{"o":{"a":0,"k":100,"ix":11},"r":{"a":1,"k":[{"i":{"x":[0.173],"y":[1]},"o":{"x":[0.256],"y":[0]},"t":0,"s":[0]},{"i":{"x":[0.4],"y":[1]},"o":{"x":[0.6],"y":[0]},"t":75,"s":[23]},{"t":150,"s":[0]}],"ix":10},"p":{"a":0,"k":[60,60,0],"ix":2,"l":2},"a":{"a":0,"k":[0,0,0],"ix":1,"l":2},"s":{"a":0,"k":[100,100,100],"ix":6,"l":2}},"ao":0,"shapes":[{"ty":"gr","it":[{"ind":0,"ty":"sh","ix":1,"ks":{"a":0,"k":{"i":[[0,-73.454],[73.454,0],[0,73.454],[-73.454,0]],"o":[[0,73.454],[-73.454,0],[0,-73.454],[73.454,0]],"v":[[133,0],[0,133],[-133,0],[0,-133]],"c":true},"ix":2},"nm":"Path 1","mn":"ADBE Vector Shape - Group","hd":false},{"ty":"st","c":{"a":0,"k":[0.070588235294,0.074509803922,0.192156877705,1],"ix":3,"x":"var $bm_rt;\n$bm_rt = comp('1875-planet-lineal').layer('Color  & Stroke Change').effect('Primary')('Color');"},"o":{"a":0,"k":100,"ix":4},"w":{"a":0,"k":7,"ix":5,"x":"var $bm_rt;\n$bm_rt = $bm_mul($bm_div(value, 70), comp('1875-planet-lineal').layer('Color  & Stroke Change').effect('Stroke')('Slider'));"},"lc":2,"lj":2,"bm":0,"nm":"Stroke 1","mn":"ADBE Vector Graphic - Stroke","hd":false},{"ty":"tr","p":{"a":0,"k":[0,0],"ix":2},"a":{"a":0,"k":[0,0],"ix":1},"s":{"a":0,"k":[100,100],"ix":3},"r":{"a":0,"k":0,"ix":6},"o":{"a":0,"k":100,"ix":7},"sk":{"a":0,"k":0,"ix":4},"sa":{"a":0,"k":0,"ix":5},"nm":"Transform"}],"nm":"Group 1","np":2,"cix":2,"bm":0,"ix":1,"mn":"ADBE Vector Group","hd":false}],"ip":0,"op":844,"st":0,"bm":0},{"ddd":0,"ind":7,"ty":4,"nm":"Planet Ring 2","parent":6,"sr":1,"ks":{"o":{"a":0,"k":100,"ix":11},"r":{"a":0,"k":-29,"ix":10},"p":{"a":0,"k":[0,0,0],"ix":2,"l":2},"a":{"a":0,"k":[0,0,0],"ix":1,"l":2},"s":{"a":0,"k":[100,100,100],"ix":6,"l":2}},"ao":0,"shapes":[{"ty":"gr","it":[{"ind":0,"ty":"sh","ix":1,"ks":{"a":1,"k":[{"i":{"x":0.173,"y":1},"o":{"x":0.256,"y":0},"t":0,"s":[{"i":[[0,-35.953],[104.487,0],[0,35.953],[-104.487,0]],"o":[[0,35.953],[-104.487,0],[0,-35.953],[104.487,0]],"v":[[189.191,0],[0,65.098],[-189.191,0],[0,-65.098]],"c":true}]},{"i":{"x":0.4,"y":1},"o":{"x":0.6,"y":0},"t":75,"s":[{"i":[[0,-21.303],[117.121,0],[0,21.303],[-117.121,0]],"o":[[0,21.303],[-117.121,0],[0,-21.303],[117.121,0]],"v":[[212.066,0],[0,38.572],[-212.066,0],[0,-38.572]],"c":true}]},{"t":150,"s":[{"i":[[0,-35.953],[104.487,0],[0,35.953],[-104.487,0]],"o":[[0,35.953],[-104.487,0],[0,-35.953],[104.487,0]],"v":[[189.191,0],[0,65.098],[-189.191,0],[0,-65.098]],"c":true}]}],"ix":2},"nm":"Path 1","mn":"ADBE Vector Shape - Group","hd":false},{"ty":"tm","s":{"a":1,"k":[{"i":{"x":[0.173],"y":[1]},"o":{"x":[0.256],"y":[0]},"t":0,"s":[22]},{"i":{"x":[0.4],"y":[1]},"o":{"x":[0.6],"y":[0]},"t":75,"s":[22]},{"t":150,"s":[22]}],"ix":1},"e":{"a":1,"k":[{"i":{"x":[0.173],"y":[1]},"o":{"x":[0.256],"y":[0]},"t":0,"s":[32]},{"i":{"x":[0.4],"y":[1]},"o":{"x":[0.6],"y":[0]},"t":75,"s":[32]},{"t":150,"s":[32]}],"ix":2},"o":{"a":0,"k":100,"ix":3},"m":1,"ix":2,"nm":"Trim Paths 1","mn":"ADBE Vector Filter - Trim","hd":false},{"ty":"st","c":{"a":0,"k":[0.070588235294,0.074509803922,0.192156877705,1],"ix":3,"x":"var $bm_rt;\n$bm_rt = comp('1875-planet-lineal').layer('Color  & Stroke Change').effect('Primary')('Color');"},"o":{"a":0,"k":100,"ix":4},"w":{"a":0,"k":7,"ix":5,"x":"var $bm_rt;\n$bm_rt = $bm_mul($bm_div(value, 70), comp('1875-planet-lineal').layer('Color  & Stroke Change').effect('Stroke')('Slider'));"},"lc":2,"lj":2,"bm":0,"nm":"Stroke 1","mn":"ADBE Vector Graphic - Stroke","hd":false},{"ty":"tr","p":{"a":0,"k":[0,0],"ix":2},"a":{"a":0,"k":[0,0],"ix":1},"s":{"a":0,"k":[100,100],"ix":3},"r":{"a":0,"k":0,"ix":6},"o":{"a":0,"k":100,"ix":7},"sk":{"a":0,"k":0,"ix":4},"sa":{"a":0,"k":0,"ix":5},"nm":"Transform"}],"nm":"Group 2","np":3,"cix":2,"bm":0,"ix":1,"mn":"ADBE Vector Group","hd":false},{"ty":"gr","it":[{"ind":0,"ty":"sh","ix":1,"ks":{"a":1,"k":[{"i":{"x":0.173,"y":1},"o":{"x":0.256,"y":0},"t":0,"s":[{"i":[[0,-35.953],[104.487,0],[0,35.953],[-104.487,0]],"o":[[0,35.953],[-104.487,0],[0,-35.953],[104.487,0]],"v":[[189.191,0],[0,65.098],[-189.191,0],[0,-65.098]],"c":true}]},{"i":{"x":0.4,"y":1},"o":{"x":0.6,"y":0},"t":75,"s":[{"i":[[0,-21.303],[117.121,0],[0,21.303],[-117.121,0]],"o":[[0,21.303],[-117.121,0],[0,-21.303],[117.121,0]],"v":[[212.066,0],[0,38.572],[-212.066,0],[0,-38.572]],"c":true}]},{"t":150,"s":[{"i":[[0,-35.953],[104.487,0],[0,35.953],[-104.487,0]],"o":[[0,35.953],[-104.487,0],[0,-35.953],[104.487,0]],"v":[[189.191,0],[0,65.098],[-189.191,0],[0,-65.098]],"c":true}]}],"ix":2},"nm":"Path 1","mn":"ADBE Vector Shape - Group","hd":false},{"ty":"tm","s":{"a":1,"k":[{"i":{"x":[0.173],"y":[1]},"o":{"x":[0.256],"y":[0]},"t":0,"s":[23]},{"i":{"x":[0.4],"y":[1]},"o":{"x":[0.6],"y":[0]},"t":75,"s":[23]},{"t":150,"s":[23]}],"ix":1},"e":{"a":1,"k":[{"i":{"x":[0.173],"y":[1]},"o":{"x":[0.256],"y":[0]},"t":0,"s":[33]},{"i":{"x":[0.4],"y":[1]},"o":{"x":[0.6],"y":[0]},"t":75,"s":[33]},{"t":150,"s":[33]}],"ix":2},"o":{"a":0,"k":242,"ix":3},"m":1,"ix":2,"nm":"Trim Paths 1","mn":"ADBE Vector Filter - Trim","hd":false},{"ty":"st","c":{"a":0,"k":[0.070588235294,0.074509803922,0.192156877705,1],"ix":3,"x":"var $bm_rt;\n$bm_rt = comp('1875-planet-lineal').layer('Color  & Stroke Change').effect('Primary')('Color');"},"o":{"a":0,"k":100,"ix":4},"w":{"a":0,"k":7,"ix":5,"x":"var $bm_rt;\n$bm_rt = $bm_mul($bm_div(value, 70), comp('1875-planet-lineal').layer('Color  & Stroke Change').effect('Stroke')('Slider'));"},"lc":2,"lj":2,"bm":0,"nm":"Stroke 1","mn":"ADBE Vector Graphic - Stroke","hd":false},{"ty":"tr","p":{"a":0,"k":[0,0],"ix":2},"a":{"a":0,"k":[0,0],"ix":1},"s":{"a":0,"k":[100,100],"ix":3},"r":{"a":0,"k":0,"ix":6},"o":{"a":0,"k":100,"ix":7},"sk":{"a":0,"k":0,"ix":4},"sa":{"a":0,"k":0,"ix":5},"nm":"Transform"}],"nm":"Group 1","np":3,"cix":2,"bm":0,"ix":2,"mn":"ADBE Vector Group","hd":false}],"ip":0,"op":844,"st":0,"bm":0},{"ddd":0,"ind":8,"ty":4,"nm":"outline 8","parent":6,"sr":1,"ks":{"o":{"a":0,"k":100,"ix":11},"r":{"a":0,"k":-45,"ix":10},"p":{"a":0,"k":[-1.5,-2,0],"ix":2,"l":2},"a":{"a":0,"k":[250,250,0],"ix":1,"l":2},"s":{"a":0,"k":[100,100,100],"ix":6,"l":2}},"ao":0,"hasMask":true,"masksProperties":[{"inv":false,"mode":"a","pt":{"a":0,"k":{"i":[[0,-73.454],[73.454,0],[0,73.454],[-73.454,0]],"o":[[0,73.454],[-73.454,0],[0,-73.454],[73.454,0]],"v":[[382.755,251.877],[249.755,384.876],[116.755,251.877],[249.755,118.876]],"c":true},"ix":1},"o":{"a":0,"k":100,"ix":3},"x":{"a":0,"k":0,"ix":4},"nm":"Mask 1"}],"shapes":[{"ty":"gr","it":[{"ty":"gr","it":[{"ind":0,"ty":"sh","ix":1,"ks":{"a":1,"k":[{"i":{"x":0.667,"y":1},"o":{"x":0.333,"y":0},"t":0,"s":[{"i":[[-29.934,4.023],[-18.031,-0.204],[-17.805,-1.259],[-15.846,-1.704]],"o":[[6.425,-0.864],[72.496,0.818],[17.805,1.259],[0,0]],"v":[[-261.158,-46.841],[-225.211,-49.799],[-134.4,-46.446],[-94.088,-39.721]],"c":false}]},{"t":150,"s":[{"i":[[-30.204,0],[-45.5,0],[-17.805,-1.259],[-15.846,-1.704]],"o":[[28,0],[72.5,0],[17.805,1.259],[0,0]],"v":[[-292.27,-39.77],[-191.27,-48.385],[-100.459,-45.031],[-60.146,-38.307]],"c":false}]}],"ix":2},"nm":"Path 1","mn":"ADBE Vector Shape - Group","hd":false},{"ind":1,"ty":"sh","ix":2,"ks":{"a":1,"k":[{"i":{"x":0.667,"y":1},"o":{"x":0.333,"y":0},"t":0,"s":[{"i":[[0,0],[-35.49,0],[-7.128,1.428]],"o":[[35.511,0],[13.477,0],[0,0]],"v":[[26.87,-84.481],[97.864,-76.476],[138.147,-80.472]],"c":false}]},{"t":150,"s":[{"i":[[0,0],[-35.49,0],[-7.128,1.428]],"o":[[35.511,0],[13.477,0],[0,0]],"v":[[41.719,-83.774],[112.713,-75.769],[141.683,-78.35]],"c":false}]}],"ix":2},"nm":"Path 2","mn":"ADBE Vector Shape - Group","hd":false},{"ind":2,"ty":"sh","ix":3,"ks":{"a":1,"k":[{"i":{"x":0.667,"y":1},"o":{"x":0.333,"y":0},"t":0,"s":[{"i":[[0,0],[-37.69,0],[-22.223,2.327]],"o":[[22.64,2.31],[37.363,0],[0,0]],"v":[[-107.906,-170.667],[-37.176,-164.157],[32.958,-170.605]],"c":false}]},{"t":150,"s":[{"i":[[0,0],[-37.69,0],[-22.223,2.327]],"o":[[22.64,2.31],[37.363,0],[0,0]],"v":[[-107.906,-170.667],[-37.176,-164.157],[32.958,-170.605]],"c":false}]}],"ix":2},"nm":"Path 3","mn":"ADBE Vector Shape - Group","hd":false},{"ind":3,"ty":"sh","ix":4,"ks":{"a":1,"k":[{"i":{"x":0.667,"y":1},"o":{"x":0.333,"y":0},"t":0,"s":[{"i":[[0,0],[0,0],[-57.127,9.521],[-10,-7]],"o":[[37.12,0],[0,0],[33,-5.5],[0,0]],"v":[[95.228,-167.915],[164.928,-161.515],[249.514,-163.892],[328.764,-156.142]],"c":false}]},{"t":150,"s":[{"i":[[0,0],[0,0],[-57.127,9.521],[-10,-7]],"o":[[37.12,0],[0,0],[33,-5.5],[0,0]],"v":[[66.944,-172.157],[136.644,-165.757],[221.23,-168.135],[300.48,-160.385]],"c":false}]}],"ix":2},"nm":"Path 4","mn":"ADBE Vector Shape - Group","hd":false},{"ind":4,"ty":"sh","ix":5,"ks":{"a":1,"k":[{"i":{"x":0.667,"y":1},"o":{"x":0.333,"y":0},"t":0,"s":[{"i":[[-37.5,1],[-7.69,-1.66],[-15.03,0],[-11.535,2.332]],"o":[[37.5,-1],[7.69,1.66],[21.881,0],[0,0]],"v":[[-274.685,-19.021],[-201.452,-13.563],[-170.072,-10.473],[-128.265,-15.847]],"c":false}]},{"t":150,"s":[{"i":[[-37.5,1],[-7.69,-1.66],[-15.03,0],[-11.535,2.332]],"o":[[37.5,-1],[7.69,1.66],[21.881,0],[0,0]],"v":[[-153.77,-25.385],[-80.536,-19.927],[-49.156,-16.837],[-7.35,-22.211]],"c":false}]}],"ix":2},"nm":"Path 5","mn":"ADBE Vector Shape - Group","hd":false},{"ind":5,"ty":"sh","ix":6,"ks":{"a":1,"k":[{"i":{"x":0.667,"y":1},"o":{"x":0.333,"y":0},"t":0,"s":[{"i":[[0,0],[-35.5,0],[-35.49,0],[-7.09,1.41]],"o":[[35.49,0],[35.49,0],[13.38,0],[0,0]],"v":[[-199.118,-203.636],[-128.128,-211.636],[-57.148,-203.636],[-28.338,-206.186]],"c":false}]},{"t":150,"s":[{"i":[[0,0],[-35.5,0],[-35.49,0],[-7.09,1.41]],"o":[[35.49,0],[35.49,0],[13.38,0],[0,0]],"v":[[-57.696,-200.807],[13.294,-208.807],[84.274,-200.807],[113.084,-203.357]],"c":false}]}],"ix":2},"nm":"Path 6","mn":"ADBE Vector Shape - Group","hd":false},{"ind":6,"ty":"sh","ix":7,"ks":{"a":1,"k":[{"i":{"x":0.667,"y":1},"o":{"x":0.333,"y":0},"t":0,"s":[{"i":[[-12.902,-5.577],[-61.854,-3.758],[-1.72,0],[-28.347,1.537]],"o":[[41.375,17.885],[1.072,0.065],[34.137,0],[0,0]],"v":[[-262.645,-112.27],[-119.916,-107.128],[-114.976,-107.068],[-49.299,-116.821]],"c":false}]},{"t":150,"s":[{"i":[[-12.902,-5.577],[-61.854,-3.758],[-1.72,0],[-28.347,1.537]],"o":[[41.375,17.885],[1.072,0.065],[34.137,0],[0,0]],"v":[[-262.645,-112.27],[-119.916,-107.128],[-114.976,-107.068],[-49.299,-116.821]],"c":false}]}],"ix":2},"nm":"Path 7","mn":"ADBE Vector Shape - Group","hd":false},{"ind":7,"ty":"sh","ix":8,"ks":{"a":1,"k":[{"i":{"x":0.667,"y":1},"o":{"x":0.333,"y":0},"t":0,"s":[{"i":[[0,0],[-27.318,0],[-37.66,0],[-8.81,-2.32]],"o":[[16.435,2.89],[37.66,0],[17.55,0],[0,0]],"v":[[45.927,-115.926],[97.182,-107.775],[172.502,-117.775],[208.222,-113.285]],"c":false}]},{"t":150,"s":[{"i":[[0,0],[-27.318,0],[-37.66,0],[-8.81,-2.32]],"o":[[16.435,2.89],[37.66,0],[17.55,0],[0,0]],"v":[[-15.591,-115.219],[35.664,-107.067],[110.984,-117.067],[146.704,-112.577]],"c":false}]}],"ix":2},"nm":"Path 8","mn":"ADBE Vector Shape - Group","hd":false},{"ty":"st","c":{"a":0,"k":[0.070588235294,0.074509803922,0.192156877705,1],"ix":3,"x":"var $bm_rt;\n$bm_rt = comp('1875-planet-lineal').layer('Color  & Stroke Change').effect('Primary')('Color');"},"o":{"a":0,"k":100,"ix":4},"w":{"a":0,"k":7,"ix":5,"x":"var $bm_rt;\n$bm_rt = $bm_mul($bm_div(value, 70), comp('1875-planet-lineal').layer('Color  & Stroke Change').effect('Stroke')('Slider'));"},"lc":2,"lj":2,"bm":0,"nm":"Stroke 1","mn":"ADBE Vector Graphic - Stroke","hd":false},{"ty":"tr","p":{"a":0,"k":[645.27,367.885],"ix":2},"a":{"a":0,"k":[0,0],"ix":1},"s":{"a":0,"k":[100,100],"ix":3},"r":{"a":0,"k":0,"ix":6},"o":{"a":0,"k":100,"ix":7},"sk":{"a":0,"k":0,"ix":4},"sa":{"a":0,"k":0,"ix":5},"nm":"Transform"}],"nm":"Group 2","np":9,"cix":2,"bm":0,"ix":1,"mn":"ADBE Vector Group","hd":false},{"ty":"gr","it":[{"ind":0,"ty":"sh","ix":1,"ks":{"a":1,"k":[{"i":{"x":0.667,"y":1},"o":{"x":0.333,"y":0},"t":0,"s":[{"i":[[0,0],[-15.846,-1.704]],"o":[[17.805,1.259],[0,0]],"v":[[-100.459,-45.031],[-60.146,-38.307]],"c":false}]},{"t":150,"s":[{"i":[[0,0],[-15.846,-1.704]],"o":[[17.805,1.259],[0,0]],"v":[[-97.63,-45.031],[16.928,-46.085]],"c":false}]}],"ix":2},"nm":"Path 1","mn":"ADBE Vector Shape - Group","hd":false},{"ind":1,"ty":"sh","ix":2,"ks":{"a":1,"k":[{"i":{"x":0.667,"y":1},"o":{"x":0.333,"y":0},"t":0,"s":[{"i":[[0,0],[-35.49,0],[-7.128,1.428],[-65,-14]],"o":[[35.511,0],[13.477,0],[0,0],[46.692,10.057]],"v":[[41.719,-83.774],[112.713,-75.769],[141.683,-78.35],[252.48,-76.885]],"c":false}]},{"t":150,"s":[{"i":[[0,0],[-35.49,0],[-7.128,1.428],[-65,-14]],"o":[[35.511,0],[13.477,0],[0,0],[46.692,10.057]],"v":[[41.719,-83.774],[112.713,-75.769],[141.683,-78.35],[252.48,-76.885]],"c":false}]}],"ix":2},"nm":"Path 2","mn":"ADBE Vector Shape - Group","hd":false},{"ind":2,"ty":"sh","ix":3,"ks":{"a":1,"k":[{"i":{"x":0.667,"y":1},"o":{"x":0.333,"y":0},"t":0,"s":[{"i":[[0,0],[-37.69,0],[-22.223,2.327]],"o":[[22.64,2.31],[37.363,0],[0,0]],"v":[[-107.906,-170.667],[-37.176,-164.157],[32.958,-170.605]],"c":false}]},{"t":150,"s":[{"i":[[0,0],[-37.69,0],[-22.223,2.327]],"o":[[22.64,2.31],[37.363,0],[0,0]],"v":[[-107.906,-170.667],[-37.176,-164.157],[32.958,-170.605]],"c":false}]}],"ix":2},"nm":"Path 3","mn":"ADBE Vector Shape - Group","hd":false},{"ind":3,"ty":"sh","ix":4,"ks":{"a":1,"k":[{"i":{"x":0.667,"y":1},"o":{"x":0.333,"y":0},"t":0,"s":[{"i":[[0,0],[0,0],[-57.127,9.521],[-18,-2.5]],"o":[[37.12,0],[0,0],[33,-5.5],[0,0]],"v":[[66.944,-172.157],[136.644,-165.757],[221.23,-168.135],[301.98,-170.635]],"c":false}]},{"t":150,"s":[{"i":[[0,0],[0,0],[-57.127,9.521],[-18,-2.5]],"o":[[37.12,0],[0,0],[33,-5.5],[0,0]],"v":[[66.944,-172.157],[136.644,-165.757],[221.23,-168.135],[301.98,-170.635]],"c":false}]}],"ix":2},"nm":"Path 4","mn":"ADBE Vector Shape - Group","hd":false},{"ind":4,"ty":"sh","ix":5,"ks":{"a":1,"k":[{"i":{"x":0.667,"y":1},"o":{"x":0.333,"y":0},"t":0,"s":[{"i":[[0,0],[-15.03,0],[-11.535,2.332]],"o":[[7.69,1.66],[21.881,0],[0,0]],"v":[[-80.536,-19.927],[-49.156,-16.837],[-7.35,-22.211]],"c":false}]},{"t":150,"s":[{"i":[[0,0],[-15.03,0],[-11.535,2.332]],"o":[[7.69,1.66],[21.881,0],[0,0]],"v":[[17.044,-18.513],[48.424,-15.423],[90.231,-20.796]],"c":false}]}],"ix":2},"nm":"Path 5","mn":"ADBE Vector Shape - Group","hd":false},{"ind":5,"ty":"sh","ix":6,"ks":{"a":1,"k":[{"i":{"x":0.667,"y":1},"o":{"x":0.333,"y":0},"t":0,"s":[{"i":[[0,0],[-35.5,0],[-35.49,0],[-7.09,1.41]],"o":[[35.49,0],[35.49,0],[13.38,0],[0,0]],"v":[[-57.696,-200.807],[13.294,-208.807],[84.274,-200.807],[113.084,-203.357]],"c":false}]},{"t":150,"s":[{"i":[[0,0],[-55.179,0],[-55.163,0],[-11.02,0.652]],"o":[[55.163,0],[55.163,0],[20.797,0],[0,0]],"v":[[-3.249,-202.929],[107.093,-206.627],[217.419,-202.929],[262.199,-204.108]],"c":false}]}],"ix":2},"nm":"Path 6","mn":"ADBE Vector Shape - Group","hd":false},{"ind":6,"ty":"sh","ix":7,"ks":{"a":1,"k":[{"i":{"x":0.667,"y":1},"o":{"x":0.333,"y":0},"t":0,"s":[{"i":[[0,0],[-1.72,0],[-28.347,1.537]],"o":[[1.57,0.04],[34.137,0],[0,0]],"v":[[-119.916,-107.128],[-114.976,-107.068],[-49.299,-116.821]],"c":false}]},{"t":150,"s":[{"i":[[0,0],[-1.72,0],[-28.347,1.537]],"o":[[1.57,0.04],[34.137,0],[0,0]],"v":[[-119.916,-107.128],[-114.976,-107.068],[-49.299,-116.821]],"c":false}]}],"ix":2},"nm":"Path 7","mn":"ADBE Vector Shape - Group","hd":false},{"ind":7,"ty":"sh","ix":8,"ks":{"a":1,"k":[{"i":{"x":0.667,"y":1},"o":{"x":0.333,"y":0},"t":0,"s":[{"i":[[0,0],[-27.318,0],[-37.66,0],[-8.81,-2.32]],"o":[[16.435,2.89],[37.66,0],[17.55,0],[0,0]],"v":[[-15.591,-115.219],[35.664,-107.067],[110.984,-117.067],[146.704,-112.577]],"c":false}]},{"t":150,"s":[{"i":[[0,0],[-27.318,0],[-37.66,0],[-8.81,-2.32]],"o":[[16.435,2.89],[37.66,0],[17.55,0],[0,0]],"v":[[-15.591,-115.219],[35.664,-107.067],[110.984,-117.067],[146.704,-112.577]],"c":false}]}],"ix":2},"nm":"Path 8","mn":"ADBE Vector Shape - Group","hd":false},{"ty":"st","c":{"a":0,"k":[0.070588235294,0.074509803922,0.192156877705,1],"ix":3,"x":"var $bm_rt;\n$bm_rt = comp('1875-planet-lineal').layer('Color  & Stroke Change').effect('Primary')('Color');"},"o":{"a":0,"k":100,"ix":4},"w":{"a":0,"k":7,"ix":5,"x":"var $bm_rt;\n$bm_rt = $bm_mul($bm_div(value, 70), comp('1875-planet-lineal').layer('Color  & Stroke Change').effect('Stroke')('Slider'));"},"lc":2,"lj":2,"bm":0,"nm":"Stroke 1","mn":"ADBE Vector Graphic - Stroke","hd":false},{"ty":"tr","p":{"a":0,"k":[235.52,367.885],"ix":2},"a":{"a":0,"k":[0,0],"ix":1},"s":{"a":0,"k":[100,100],"ix":3},"r":{"a":0,"k":0,"ix":6},"o":{"a":0,"k":100,"ix":7},"sk":{"a":0,"k":0,"ix":4},"sa":{"a":0,"k":0,"ix":5},"nm":"Transform"}],"nm":"Group 1","np":9,"cix":2,"bm":0,"ix":2,"mn":"ADBE Vector Group","hd":false},{"ty":"tr","p":{"a":1,"k":[{"i":{"x":0.667,"y":1},"o":{"x":0.333,"y":0},"t":0,"s":[530.677,255.063],"to":[-68.333,0],"ti":[68.333,0]},{"t":150,"s":[120.677,255.063]}],"ix":2},"a":{"a":0,"k":[530.677,255.063],"ix":1},"s":{"a":0,"k":[100,100],"ix":3},"r":{"a":0,"k":0,"ix":6},"o":{"a":0,"k":100,"ix":7},"sk":{"a":0,"k":0,"ix":4},"sa":{"a":0,"k":0,"ix":5},"nm":"Transform"}],"nm":"Group 1","np":2,"cix":2,"bm":0,"ix":1,"mn":"ADBE Vector Group","hd":false}],"ip":0,"op":844,"st":0,"bm":0},{"ddd":0,"ind":9,"ty":4,"nm":"Planet fill","parent":6,"sr":1,"ks":{"o":{"a":0,"k":100,"ix":11},"r":{"a":0,"k":-0.942,"ix":10},"p":{"a":0,"k":[-0.015,-0.157,0],"ix":2,"l":2},"a":{"a":0,"k":[103.488,123.343,0],"ix":1,"l":2},"s":{"a":0,"k":[100,100,100],"ix":6,"l":2}},"ao":0,"shapes":[{"ty":"gr","it":[{"ind":0,"ty":"sh","ix":1,"ks":{"a":0,"k":{"i":[[-43,9.51],[47.64,47.64],[-52.11,52.1],[-23.98,5.3],[4.47,-4.47],[-52.11,-52.11]],"o":[[-52.28,39.5],[-52.11,-52.11],[18.66,-18.65],[-4.9,3.68],[-52.11,52.11],[33.46,33.46]],"v":[[106.856,105],[-67.774,92.771],[-67.774,-95.929],[-2.344,-131.849],[-16.414,-119.62],[-16.414,69.081]],"c":true},"ix":2},"nm":"Path 1","mn":"ADBE Vector Shape - Group","hd":false},{"ty":"fl","c":{"a":0,"k":[0.949019610882,0.54509806633,0.658823549747,1],"ix":4,"x":"var $bm_rt;\n$bm_rt = comp('1875-planet-lineal').layer('Color  & Stroke Change').effect('Secondary')('Color');"},"o":{"a":0,"k":100,"ix":5},"r":1,"bm":0,"nm":"Fill 1","mn":"ADBE Vector Graphic - Fill","hd":false},{"ty":"tr","p":{"a":0,"k":[77.236,124.926],"ix":2},"a":{"a":0,"k":[0,0],"ix":1},"s":{"a":0,"k":[100,100],"ix":3},"r":{"a":0,"k":0,"ix":6},"o":{"a":0,"k":50,"ix":7},"sk":{"a":0,"k":0,"ix":4},"sa":{"a":0,"k":0,"ix":5},"nm":"Transform"}],"nm":"Group 1","np":2,"cix":2,"bm":1,"ix":1,"mn":"ADBE Vector Group","hd":false},{"ty":"gr","it":[{"ind":0,"ty":"sh","ix":1,"ks":{"a":0,"k":{"i":[[-52.109,-52.109],[52.109,-52.109],[52.109,52.109],[-52.109,52.109]],"o":[[52.109,52.109],[-52.109,52.109],[-52.109,-52.109],[52.109,-52.109]],"v":[[94.351,-94.351],[94.351,94.351],[-94.351,94.351],[-94.351,-94.351]],"c":true},"ix":2},"nm":"Path 1","mn":"ADBE Vector Shape - Group","hd":false},{"ty":"fl","c":{"a":0,"k":[0.949019610882,0.54509806633,0.658823549747,1],"ix":4,"x":"var $bm_rt;\n$bm_rt = comp('1875-planet-lineal').layer('Color  & Stroke Change').effect('Secondary')('Color');"},"o":{"a":0,"k":100,"ix":5},"r":1,"bm":0,"nm":"Fill 1","mn":"ADBE Vector Graphic - Fill","hd":false},{"ty":"tr","p":{"a":0,"k":[103.488,123.343],"ix":2},"a":{"a":0,"k":[0,0],"ix":1},"s":{"a":0,"k":[100,100],"ix":3},"r":{"a":0,"k":0,"ix":6},"o":{"a":0,"k":100,"ix":7},"sk":{"a":0,"k":0,"ix":4},"sa":{"a":0,"k":0,"ix":5},"nm":"Transform"}],"nm":"Group 2","np":2,"cix":2,"bm":0,"ix":2,"mn":"ADBE Vector Group","hd":false}],"ip":0,"op":844,"st":0,"bm":0},{"ddd":0,"ind":10,"ty":4,"nm":"Blinking-star-3","parent":4,"sr":1,"ks":{"o":{"a":0,"k":100,"ix":11},"r":{"a":1,"k":[{"i":{"x":[0.4],"y":[1]},"o":{"x":[0.6],"y":[0]},"t":40,"s":[0]},{"t":118,"s":[180]}],"ix":10},"p":{"a":0,"k":[192.965,193.099,0],"ix":2,"l":2},"a":{"a":0,"k":[0,0,0],"ix":1,"l":2},"s":{"a":0,"k":[100,100,100],"ix":6,"l":2}},"ao":0,"shapes":[{"ty":"gr","it":[{"ind":0,"ty":"sh","ix":1,"ks":{"a":1,"k":[{"i":{"x":0.667,"y":1},"o":{"x":0.6,"y":0},"t":40,"s":[{"i":[[0,0],[0,0]],"o":[[0,0],[0,0]],"v":[[0,0],[0,0]],"c":false}]},{"i":{"x":0.4,"y":1},"o":{"x":0.333,"y":0},"t":79,"s":[{"i":[[0,0],[0,0]],"o":[[0,0],[0,0]],"v":[[19.442,0.003],[-19.098,0.003]],"c":false}]},{"t":118,"s":[{"i":[[0,0],[0,0]],"o":[[0,0],[0,0]],"v":[[0,0],[0,0]],"c":false}]}],"ix":2},"nm":"Path 1","mn":"ADBE Vector Shape - Group","hd":false},{"ind":1,"ty":"sh","ix":2,"ks":{"a":1,"k":[{"i":{"x":0.667,"y":1},"o":{"x":0.6,"y":0},"t":40,"s":[{"i":[[0,0],[0,0]],"o":[[0,0],[0,0]],"v":[[0,0],[0,0]],"c":false}]},{"i":{"x":0.4,"y":1},"o":{"x":0.333,"y":0},"t":79,"s":[{"i":[[0,0],[0,0]],"o":[[0,0],[0,0]],"v":[[0.172,19.274],[0.172,-19.267]],"c":false}]},{"t":118,"s":[{"i":[[0,0],[0,0]],"o":[[0,0],[0,0]],"v":[[0,0],[0,0]],"c":false}]}],"ix":2},"nm":"Path 2","mn":"ADBE Vector Shape - Group","hd":false},{"ty":"st","c":{"a":0,"k":[0.070588235294,0.074509803922,0.192156877705,1],"ix":3,"x":"var $bm_rt;\n$bm_rt = comp('1875-planet-lineal').layer('Color  & Stroke Change').effect('Primary')('Color');"},"o":{"a":0,"k":100,"ix":4},"w":{"a":1,"k":[{"i":{"x":[0.833],"y":[1]},"o":{"x":[0.167],"y":[0]},"t":0,"s":[15]},{"i":{"x":[0.667],"y":[1]},"o":{"x":[0.333],"y":[0]},"t":40,"s":[10]},{"i":{"x":[0.667],"y":[1]},"o":{"x":[0.333],"y":[0]},"t":79,"s":[5]},{"t":118,"s":[10]}],"ix":5,"x":"var $bm_rt;\n$bm_rt = $bm_mul($bm_div(value, 70), comp('1875-planet-lineal').layer('Color  & Stroke Change').effect('Stroke')('Slider'));"},"lc":2,"lj":2,"bm":0,"nm":"Stroke 1","mn":"ADBE Vector Graphic - Stroke","hd":false},{"ty":"tr","p":{"a":0,"k":[0,0],"ix":2},"a":{"a":0,"k":[0,0],"ix":1},"s":{"a":0,"k":[100,100],"ix":3},"r":{"a":0,"k":0,"ix":6},"o":{"a":0,"k":100,"ix":7},"sk":{"a":0,"k":0,"ix":4},"sa":{"a":0,"k":0,"ix":5},"nm":"Transform"}],"nm":"Group 1","np":3,"cix":2,"bm":0,"ix":1,"mn":"ADBE Vector Group","hd":false}],"ip":0,"op":844,"st":0,"bm":0},{"ddd":0,"ind":11,"ty":4,"nm":"Blinking-star-2","parent":4,"sr":1,"ks":{"o":{"a":0,"k":100,"ix":11},"r":{"a":1,"k":[{"i":{"x":[0.4],"y":[1]},"o":{"x":[0.6],"y":[0]},"t":72,"s":[0]},{"t":150,"s":[180]}],"ix":10},"p":{"a":0,"k":[153.965,220.099,0],"ix":2,"l":2},"a":{"a":0,"k":[0,0,0],"ix":1,"l":2},"s":{"a":0,"k":[100,100,100],"ix":6,"l":2}},"ao":0,"shapes":[{"ty":"gr","it":[{"ind":0,"ty":"sh","ix":1,"ks":{"a":1,"k":[{"i":{"x":0.667,"y":1},"o":{"x":0.6,"y":0},"t":72,"s":[{"i":[[0,0],[0,0]],"o":[[0,0],[0,0]],"v":[[0,0],[0,0]],"c":false}]},{"i":{"x":0.4,"y":1},"o":{"x":0.333,"y":0},"t":111,"s":[{"i":[[0,0],[0,0]],"o":[[0,0],[0,0]],"v":[[19.442,0.003],[-19.098,0.003]],"c":false}]},{"t":150,"s":[{"i":[[0,0],[0,0]],"o":[[0,0],[0,0]],"v":[[0,0],[0,0]],"c":false}]}],"ix":2},"nm":"Path 1","mn":"ADBE Vector Shape - Group","hd":false},{"ind":1,"ty":"sh","ix":2,"ks":{"a":1,"k":[{"i":{"x":0.667,"y":1},"o":{"x":0.6,"y":0},"t":72,"s":[{"i":[[0,0],[0,0]],"o":[[0,0],[0,0]],"v":[[0,0],[0,0]],"c":false}]},{"i":{"x":0.4,"y":1},"o":{"x":0.333,"y":0},"t":111,"s":[{"i":[[0,0],[0,0]],"o":[[0,0],[0,0]],"v":[[0.172,19.274],[0.172,-19.267]],"c":false}]},{"t":150,"s":[{"i":[[0,0],[0,0]],"o":[[0,0],[0,0]],"v":[[0,0],[0,0]],"c":false}]}],"ix":2},"nm":"Path 2","mn":"ADBE Vector Shape - Group","hd":false},{"ty":"st","c":{"a":0,"k":[0.070588235294,0.074509803922,0.192156877705,1],"ix":3,"x":"var $bm_rt;\n$bm_rt = comp('1875-planet-lineal').layer('Color  & Stroke Change').effect('Primary')('Color');"},"o":{"a":0,"k":100,"ix":4},"w":{"a":1,"k":[{"i":{"x":[0.833],"y":[1]},"o":{"x":[0.167],"y":[0]},"t":0,"s":[15]},{"i":{"x":[0.667],"y":[1]},"o":{"x":[0.333],"y":[0]},"t":72,"s":[10]},{"i":{"x":[0.667],"y":[1]},"o":{"x":[0.333],"y":[0]},"t":111,"s":[5]},{"t":150,"s":[10]}],"ix":5,"x":"var $bm_rt;\n$bm_rt = $bm_mul($bm_div(value, 70), comp('1875-planet-lineal').layer('Color  & Stroke Change').effect('Stroke')('Slider'));"},"lc":2,"lj":2,"bm":0,"nm":"Stroke 1","mn":"ADBE Vector Graphic - Stroke","hd":false},{"ty":"tr","p":{"a":0,"k":[0,0],"ix":2},"a":{"a":0,"k":[0,0],"ix":1},"s":{"a":0,"k":[100,100],"ix":3},"r":{"a":0,"k":0,"ix":6},"o":{"a":0,"k":100,"ix":7},"sk":{"a":0,"k":0,"ix":4},"sa":{"a":0,"k":0,"ix":5},"nm":"Transform"}],"nm":"Group 1","np":3,"cix":2,"bm":0,"ix":1,"mn":"ADBE Vector Group","hd":false}],"ip":0,"op":844,"st":0,"bm":0},{"ddd":0,"ind":12,"ty":4,"nm":"Blinking-star-1","parent":4,"sr":1,"ks":{"o":{"a":0,"k":100,"ix":11},"r":{"a":1,"k":[{"i":{"x":[0.4],"y":[1]},"o":{"x":[0.6],"y":[0]},"t":0,"s":[0]},{"t":78,"s":[180]}],"ix":10},"p":{"a":0,"k":[-73.535,-72.401,0],"ix":2,"l":2},"a":{"a":0,"k":[0,0,0],"ix":1,"l":2},"s":{"a":0,"k":[100,100,100],"ix":6,"l":2}},"ao":0,"shapes":[{"ty":"gr","it":[{"ind":0,"ty":"sh","ix":1,"ks":{"a":1,"k":[{"i":{"x":0.667,"y":1},"o":{"x":0.6,"y":0},"t":0,"s":[{"i":[[0,0],[0,0]],"o":[[0,0],[0,0]],"v":[[0,0],[0,0]],"c":false}]},{"i":{"x":0.4,"y":1},"o":{"x":0.333,"y":0},"t":39,"s":[{"i":[[0,0],[0,0]],"o":[[0,0],[0,0]],"v":[[19.442,0.003],[-19.098,0.003]],"c":false}]},{"t":78,"s":[{"i":[[0,0],[0,0]],"o":[[0,0],[0,0]],"v":[[0,0],[0,0]],"c":false}]}],"ix":2},"nm":"Path 1","mn":"ADBE Vector Shape - Group","hd":false},{"ind":1,"ty":"sh","ix":2,"ks":{"a":1,"k":[{"i":{"x":0.667,"y":1},"o":{"x":0.6,"y":0},"t":0,"s":[{"i":[[0,0],[0,0]],"o":[[0,0],[0,0]],"v":[[0,0],[0,0]],"c":false}]},{"i":{"x":0.4,"y":1},"o":{"x":0.333,"y":0},"t":39,"s":[{"i":[[0,0],[0,0]],"o":[[0,0],[0,0]],"v":[[0.172,19.274],[0.172,-19.267]],"c":false}]},{"t":78,"s":[{"i":[[0,0],[0,0]],"o":[[0,0],[0,0]],"v":[[0,0],[0,0]],"c":false}]}],"ix":2},"nm":"Path 2","mn":"ADBE Vector Shape - Group","hd":false},{"ty":"st","c":{"a":0,"k":[0.070588235294,0.074509803922,0.192156877705,1],"ix":3,"x":"var $bm_rt;\n$bm_rt = comp('1875-planet-lineal').layer('Color  & Stroke Change').effect('Primary')('Color');"},"o":{"a":0,"k":100,"ix":4},"w":{"a":1,"k":[{"i":{"x":[0.667],"y":[1]},"o":{"x":[0.333],"y":[0]},"t":0,"s":[10]},{"i":{"x":[0.667],"y":[1]},"o":{"x":[0.333],"y":[0]},"t":39,"s":[5]},{"t":78,"s":[10]}],"ix":5,"x":"var $bm_rt;\n$bm_rt = $bm_mul($bm_div(value, 70), comp('1875-planet-lineal').layer('Color  & Stroke Change').effect('Stroke')('Slider'));"},"lc":2,"lj":2,"bm":0,"nm":"Stroke 1","mn":"ADBE Vector Graphic - Stroke","hd":false},{"ty":"tr","p":{"a":0,"k":[0,0],"ix":2},"a":{"a":0,"k":[0,0],"ix":1},"s":{"a":0,"k":[100,100],"ix":3},"r":{"a":0,"k":0,"ix":6},"o":{"a":0,"k":100,"ix":7},"sk":{"a":0,"k":0,"ix":4},"sa":{"a":0,"k":0,"ix":5},"nm":"Transform"}],"nm":"Group 1","np":3,"cix":2,"bm":0,"ix":1,"mn":"ADBE Vector Group","hd":false}],"ip":0,"op":844,"st":0,"bm":0}],"markers":[]}