{"v":"5.8.1","fr":25,"ip":0,"op":42,"w":500,"h":500,"nm":"305-coins-eth-lineal","ddd":0,"assets":[{"id":"comp_0","nm":"ETH","fr":25,"layers":[{"ddd":0,"ind":1,"ty":3,"nm":"NULL","sr":1,"ks":{"o":{"a":0,"k":0,"ix":11},"r":{"a":0,"k":0,"ix":10},"p":{"a":0,"k":[250,250,0],"ix":2,"l":2},"a":{"a":0,"k":[60,60,0],"ix":1,"l":2},"s":{"a":0,"k":[370,370,100],"ix":6,"l":2}},"ao":0,"ip":0,"op":99,"st":0,"bm":0},{"ddd":0,"ind":2,"ty":4,"nm":"Shape Layer 1","parent":1,"sr":1,"ks":{"o":{"a":0,"k":100,"ix":11},"r":{"a":0,"k":0,"ix":10},"p":{"a":0,"k":[59.833,59.667,0],"ix":2,"l":2},"a":{"a":0,"k":[0,0,0],"ix":1,"l":2},"s":{"a":0,"k":[60,60,100],"ix":6,"l":2}},"ao":0,"shapes":[{"ty":"gr","it":[{"ind":0,"ty":"sh","ix":1,"ks":{"a":0,"k":{"i":[[0,0],[0,0],[0,0]],"o":[[0,0],[0,0],[0,0]],"v":[[-19.333,0],[0.167,6.833],[18.5,0]],"c":false},"ix":2},"nm":"Path 2","mn":"ADBE Vector Shape - Group","hd":false},{"ind":1,"ty":"sh","ix":2,"ks":{"a":0,"k":{"i":[[0,0],[0,0],[0,0],[0,0]],"o":[[0,0],[0,0],[0,0],[0,0]],"v":[[0,-36.833],[-19.5,0],[0.167,36.667],[18.667,-0.167]],"c":true},"ix":2},"nm":"Path 1","mn":"ADBE Vector Shape - Group","hd":false},{"ty":"st","c":{"a":0,"k":[0.698039215686,0.407843137255,0.211764705882,1],"ix":3,"x":"var $bm_rt;\n$bm_rt = comp('305-coins-eth-lineal').layer('Color  & Stroke Change').effect('Primary')('Color');"},"o":{"a":0,"k":100,"ix":4},"w":{"a":0,"k":4.5,"ix":5,"x":"var $bm_rt;\n$bm_rt = $bm_mul(6.4 / 100, comp('305-coins-eth-lineal').layer('Color  & Stroke Change').effect('Stroke')('Slider'));"},"lc":2,"lj":2,"bm":0,"nm":"Stroke 1","mn":"ADBE Vector Graphic - Stroke","hd":false},{"ty":"tr","p":{"a":0,"k":[0,0],"ix":2},"a":{"a":0,"k":[0,0],"ix":1},"s":{"a":0,"k":[100,100],"ix":3},"r":{"a":0,"k":0,"ix":6},"o":{"a":0,"k":100,"ix":7},"sk":{"a":0,"k":0,"ix":4},"sa":{"a":0,"k":0,"ix":5},"nm":"Transform"}],"nm":"Shape 1","np":3,"cix":2,"bm":0,"ix":1,"mn":"ADBE Vector Group","hd":false}],"ip":0,"op":125,"st":0,"bm":0}]},{"id":"comp_1","nm":"Stuck-lineal","fr":25,"layers":[{"ddd":0,"ind":1,"ty":4,"nm":"Rectangle","sr":1,"ks":{"o":{"a":0,"k":100,"ix":11},"r":{"a":1,"k":[{"i":{"x":[0.667],"y":[1]},"o":{"x":[0.167],"y":[0.167]},"t":0,"s":[0]},{"i":{"x":[0.833],"y":[0.833]},"o":{"x":[0.333],"y":[0]},"t":8,"s":[-17.333]},{"i":{"x":[0.32],"y":[1]},"o":{"x":[0.167],"y":[0.167]},"t":12,"s":[1]},{"i":{"x":[0.833],"y":[0.833]},"o":{"x":[0.68],"y":[0]},"t":16.838,"s":[10]},{"i":{"x":[0.667],"y":[1]},"o":{"x":[0.167],"y":[0.167]},"t":21.677,"s":[1]},{"i":{"x":[0.833],"y":[0.833]},"o":{"x":[0.333],"y":[0]},"t":25.306,"s":[6]},{"t":30.14453125,"s":[1]}],"ix":10},"p":{"a":1,"k":[{"i":{"x":0.32,"y":1},"o":{"x":0.167,"y":0.167},"t":0,"s":[228.058,194.4,0],"to":[0,-22.129,0],"ti":[0,0,0]},{"i":{"x":0.833,"y":0.833},"o":{"x":0.68,"y":0},"t":8,"s":[228.058,61.628,0],"to":[0,0,0],"ti":[0,-6.056,0]},{"i":{"x":0.32,"y":1},"o":{"x":0.167,"y":0.167},"t":12,"s":[228.058,194.4,0],"to":[-0.277,-6.222,0],"ti":[0,0,0]},{"i":{"x":0.833,"y":0.833},"o":{"x":0.68,"y":0},"t":16.838,"s":[228.058,157.474,0],"to":[0,0,0],"ti":[0,-6.056,0]},{"i":{"x":0.667,"y":1},"o":{"x":0.167,"y":0.167},"t":21.677,"s":[228.058,194.4,0],"to":[-0.277,-6.222,0],"ti":[0,1.231,0]},{"i":{"x":0.833,"y":0.833},"o":{"x":0.333,"y":0},"t":25.306,"s":[228.058,172.245,0],"to":[0,-1.231,0],"ti":[0,-6.056,0]},{"t":30.14453125,"s":[228.058,194.4,0]}],"ix":2,"l":2},"a":{"a":0,"k":[-4,-6.5,0],"ix":1,"l":2},"s":{"a":0,"k":[1075.292,1075.292,100],"ix":6,"l":2}},"ao":0,"shapes":[{"ty":"gr","it":[{"ind":0,"ty":"sh","ix":1,"ks":{"a":0,"k":{"i":[[-1.381,0],[0,0],[0,-1.381],[0,0],[1.381,0],[0,0],[0,1.381],[0,0]],"o":[[0,0],[1.381,0],[0,0],[0,1.381],[0,0],[-1.381,0],[0,0],[0,-1.381]],"v":[[-12,-9],[4,-9],[6.5,-6.5],[6.5,-6.5],[4,-4],[-12,-4],[-14.5,-6.5],[-14.5,-6.5]],"c":true},"ix":2},"nm":"Path 1","mn":"ADBE Vector Shape - Group","hd":false},{"ty":"st","c":{"a":0,"k":[0.070588235294,0.074509803922,0.192156862745,1],"ix":3,"x":"var $bm_rt;\n$bm_rt = comp('305-coins-eth-lineal').layer('Color  & Stroke Change').effect('Outline')('Color');"},"o":{"a":0,"k":100,"ix":4},"w":{"a":0,"k":0.6,"ix":5,"x":"var $bm_rt;\n$bm_rt = $bm_mul(0.9 / 100, comp('305-coins-eth-lineal').layer('Color  & Stroke Change').effect('Stroke')('Slider'));"},"lc":1,"lj":1,"ml":4,"bm":0,"nm":"Stroke 1","mn":"ADBE Vector Graphic - Stroke","hd":false},{"ty":"fl","c":{"a":0,"k":[1,0.780392169952,0.219607844949,1],"ix":4,"x":"var $bm_rt;\n$bm_rt = comp('305-coins-eth-lineal').layer('Color  & Stroke Change').effect('Secondary')('Color');"},"o":{"a":0,"k":100,"ix":5},"r":1,"bm":0,"nm":"Fill 1","mn":"ADBE Vector Graphic - Fill","hd":false},{"ty":"tr","p":{"a":0,"k":[0,0],"ix":2},"a":{"a":0,"k":[0,0],"ix":1},"s":{"a":0,"k":[100,100],"ix":3},"r":{"a":0,"k":0,"ix":6},"o":{"a":0,"k":100,"ix":7},"sk":{"a":0,"k":0,"ix":4},"sa":{"a":0,"k":0,"ix":5},"nm":"Transform"}],"nm":"Rectangle","np":3,"cix":2,"bm":0,"ix":1,"mn":"ADBE Vector Group","hd":false}],"ip":0,"op":250,"st":0,"bm":0},{"ddd":0,"ind":2,"ty":4,"nm":"Warstwa 4","sr":1,"ks":{"o":{"a":0,"k":100,"ix":11},"r":{"a":1,"k":[{"i":{"x":[0.833],"y":[0.833]},"o":{"x":[0.167],"y":[0.167]},"t":0,"s":[0]},{"i":{"x":[0.833],"y":[0.833]},"o":{"x":[0.167],"y":[0.167]},"t":7.258,"s":[6]},{"t":12.09765625,"s":[0]}],"ix":10},"p":{"a":1,"k":[{"i":{"x":0.32,"y":1},"o":{"x":0.167,"y":0.167},"t":0,"s":[212.578,355.694,0],"to":[0,-1.792,0],"ti":[0,0,0]},{"i":{"x":0.833,"y":0.833},"o":{"x":0.68,"y":0},"t":7.258,"s":[212.578,344.941,0],"to":[0,0,0],"ti":[0,-1.792,0]},{"t":12.09765625,"s":[212.578,355.694,0]}],"ix":2,"l":2},"a":{"a":0,"k":[-4,8.5,0],"ix":1,"l":2},"s":{"a":0,"k":[1075.292,1075.292,100],"ix":6,"l":2}},"ao":0,"shapes":[{"ty":"gr","it":[{"ind":0,"ty":"sh","ix":1,"ks":{"a":0,"k":{"i":[[-1.381,0],[0,0],[0,-1.381],[0,0],[1.381,0],[0,0],[0,1.381],[0,0]],"o":[[0,0],[1.381,0],[0,0],[0,1.381],[0,0],[-1.381,0],[0,0],[0,-1.381]],"v":[[-12,6],[4,6],[6.5,8.5],[6.5,8.5],[4,11],[-12,11],[-14.5,8.5],[-14.5,8.5]],"c":true},"ix":2},"nm":"Path 1","mn":"ADBE Vector Shape - Group","hd":false},{"ty":"st","c":{"a":0,"k":[0.070588235294,0.074509803922,0.192156862745,1],"ix":3,"x":"var $bm_rt;\n$bm_rt = comp('305-coins-eth-lineal').layer('Color  & Stroke Change').effect('Outline')('Color');"},"o":{"a":0,"k":100,"ix":4},"w":{"a":0,"k":0.6,"ix":5,"x":"var $bm_rt;\n$bm_rt = $bm_mul(0.9 / 100, comp('305-coins-eth-lineal').layer('Color  & Stroke Change').effect('Stroke')('Slider'));"},"lc":1,"lj":1,"ml":4,"bm":0,"nm":"Stroke 1","mn":"ADBE Vector Graphic - Stroke","hd":false},{"ty":"fl","c":{"a":0,"k":[1,0.780392169952,0.219607844949,1],"ix":4,"x":"var $bm_rt;\n$bm_rt = comp('305-coins-eth-lineal').layer('Color  & Stroke Change').effect('Secondary')('Color');"},"o":{"a":0,"k":50,"ix":5},"r":1,"bm":1,"nm":"Fill 1","mn":"ADBE Vector Graphic - Fill","hd":false},{"ty":"fl","c":{"a":0,"k":[1,0.780392169952,0.219607844949,1],"ix":4,"x":"var $bm_rt;\n$bm_rt = comp('305-coins-eth-lineal').layer('Color  & Stroke Change').effect('Secondary')('Color');"},"o":{"a":0,"k":100,"ix":5},"r":1,"bm":0,"nm":"Fill 2","mn":"ADBE Vector Graphic - Fill","hd":false},{"ty":"tr","p":{"a":0,"k":[0,0],"ix":2},"a":{"a":0,"k":[0,0],"ix":1},"s":{"a":0,"k":[100,100],"ix":3},"r":{"a":0,"k":0,"ix":6},"o":{"a":0,"k":100,"ix":7},"sk":{"a":0,"k":0,"ix":4},"sa":{"a":0,"k":0,"ix":5},"nm":"Transform"}],"nm":"Group 1","np":4,"cix":2,"bm":0,"ix":1,"mn":"ADBE Vector Group","hd":false}],"ip":0,"op":250,"st":0,"bm":0},{"ddd":0,"ind":3,"ty":4,"nm":"Warstwa 3","sr":1,"ks":{"o":{"a":0,"k":100,"ix":11},"r":{"a":1,"k":[{"i":{"x":[0.833],"y":[0.833]},"o":{"x":[0.167],"y":[0.167]},"t":0,"s":[0]},{"i":{"x":[0.833],"y":[0.833]},"o":{"x":[0.167],"y":[0.167]},"t":7.258,"s":[-10]},{"i":{"x":[0.833],"y":[0.833]},"o":{"x":[0.167],"y":[0.167]},"t":12.098,"s":[0]},{"i":{"x":[0.833],"y":[0.833]},"o":{"x":[0.167],"y":[0.167]},"t":21.774,"s":[0]},{"t":30.2421875,"s":[0]}],"ix":10},"p":{"a":1,"k":[{"i":{"x":0.32,"y":1},"o":{"x":0.167,"y":0.167},"t":0,"s":[234.078,301.93,0],"to":[0,-8.961,0],"ti":[0,0,0]},{"i":{"x":0.833,"y":0.833},"o":{"x":0.68,"y":0},"t":7.258,"s":[234.078,248.165,0],"to":[0,0,0],"ti":[0,-6.991,0]},{"i":{"x":0.32,"y":1},"o":{"x":0.167,"y":0.167},"t":12.098,"s":[234.078,301.93,0],"to":[0,-4.271,0],"ti":[0,0,0]},{"i":{"x":0.833,"y":0.833},"o":{"x":0.68,"y":0},"t":16.936,"s":[234.078,290.113,0],"to":[0,0,0],"ti":[0,-6.991,0]},{"i":{"x":0.667,"y":1},"o":{"x":0.167,"y":0.167},"t":21.774,"s":[234.078,301.93,0],"to":[0,-4.271,0],"ti":[0,1.231,0]},{"i":{"x":0.833,"y":0.833},"o":{"x":0.333,"y":0},"t":25.403,"s":[234.078,295.283,0],"to":[0,-1.231,0],"ti":[0,-6.991,0]},{"t":30.2421875,"s":[234.078,301.93,0]}],"ix":2,"l":2},"a":{"a":0,"k":[-4,3.5,0],"ix":1,"l":2},"s":{"a":0,"k":[1075.292,1075.292,100],"ix":6,"l":2}},"ao":0,"shapes":[{"ty":"gr","it":[{"ind":0,"ty":"sh","ix":1,"ks":{"a":0,"k":{"i":[[-1.381,0],[0,0],[0,-1.381],[0,0],[1.381,0],[0,0],[0,1.381],[0,0]],"o":[[0,0],[1.381,0],[0,0],[0,1.381],[0,0],[-1.381,0],[0,0],[0,-1.381]],"v":[[-12,1],[4,1],[6.5,3.5],[6.5,3.5],[4,6],[-12,6],[-14.5,3.5],[-14.5,3.5]],"c":true},"ix":2},"nm":"Path 1","mn":"ADBE Vector Shape - Group","hd":false},{"ty":"st","c":{"a":0,"k":[0.070588235294,0.074509803922,0.192156862745,1],"ix":3,"x":"var $bm_rt;\n$bm_rt = comp('305-coins-eth-lineal').layer('Color  & Stroke Change').effect('Outline')('Color');"},"o":{"a":0,"k":100,"ix":4},"w":{"a":0,"k":0.6,"ix":5,"x":"var $bm_rt;\n$bm_rt = $bm_mul(0.9 / 100, comp('305-coins-eth-lineal').layer('Color  & Stroke Change').effect('Stroke')('Slider'));"},"lc":1,"lj":1,"ml":4,"bm":0,"nm":"Stroke 1","mn":"ADBE Vector Graphic - Stroke","hd":false},{"ty":"fl","c":{"a":0,"k":[1,0.780392169952,0.219607844949,1],"ix":4,"x":"var $bm_rt;\n$bm_rt = comp('305-coins-eth-lineal').layer('Color  & Stroke Change').effect('Secondary')('Color');"},"o":{"a":0,"k":100,"ix":5},"r":1,"bm":0,"nm":"Fill 1","mn":"ADBE Vector Graphic - Fill","hd":false},{"ty":"tr","p":{"a":0,"k":[0,0],"ix":2},"a":{"a":0,"k":[0,0],"ix":1},"s":{"a":0,"k":[100,100],"ix":3},"r":{"a":0,"k":0,"ix":6},"o":{"a":0,"k":100,"ix":7},"sk":{"a":0,"k":0,"ix":4},"sa":{"a":0,"k":0,"ix":5},"nm":"Transform"}],"nm":"Group 1","np":3,"cix":2,"bm":0,"ix":1,"mn":"ADBE Vector Group","hd":false}],"ip":0,"op":250,"st":0,"bm":0},{"ddd":0,"ind":4,"ty":4,"nm":"Warstwa 2","sr":1,"ks":{"o":{"a":0,"k":100,"ix":11},"r":{"a":1,"k":[{"i":{"x":[0.833],"y":[0.833]},"o":{"x":[0.167],"y":[0.167]},"t":0,"s":[0]},{"i":{"x":[0.833],"y":[0.833]},"o":{"x":[0.167],"y":[0.167]},"t":7,"s":[14]},{"i":{"x":[0.833],"y":[0.833]},"o":{"x":[0.167],"y":[0.167]},"t":12.098,"s":[0]},{"i":{"x":[0.833],"y":[0.833]},"o":{"x":[0.167],"y":[0.167]},"t":21.774,"s":[0]},{"t":30.2421875,"s":[0]}],"ix":10},"p":{"a":1,"k":[{"i":{"x":0.32,"y":1},"o":{"x":0.167,"y":0.167},"t":0,"s":[212.578,248.165,0],"to":[0,-14.534,0],"ti":[0,0,0]},{"i":{"x":0.833,"y":0.833},"o":{"x":0.68,"y":0},"t":7,"s":[212.578,160.959,0],"to":[0,0,0],"ti":[0,-7.508,0]},{"i":{"x":0.32,"y":1},"o":{"x":0.167,"y":0.167},"t":12.098,"s":[212.578,248.165,0],"to":[0.369,-6.154,0],"ti":[0,0,0]},{"i":{"x":0.833,"y":0.833},"o":{"x":0.68,"y":0},"t":16.936,"s":[212.578,226.009,0],"to":[0,0,0],"ti":[0,-7.508,0]},{"i":{"x":0.667,"y":1},"o":{"x":0.167,"y":0.167},"t":21.774,"s":[212.578,248.165,0],"to":[0.369,-6.154,0],"ti":[0,1.231,0]},{"i":{"x":0.833,"y":0.833},"o":{"x":0.333,"y":0},"t":25.403,"s":[212.578,235.61,0],"to":[0,-1.231,0],"ti":[0,-7.508,0]},{"t":30.2421875,"s":[212.578,248.165,0]}],"ix":2,"l":2},"a":{"a":0,"k":[-4,-1.5,0],"ix":1,"l":2},"s":{"a":0,"k":[1075.292,1075.292,100],"ix":6,"l":2}},"ao":0,"shapes":[{"ty":"gr","it":[{"ind":0,"ty":"sh","ix":1,"ks":{"a":0,"k":{"i":[[-1.381,0],[0,0],[0,-1.381],[0,0],[1.381,0],[0,0],[0,1.381],[0,0]],"o":[[0,0],[1.381,0],[0,0],[0,1.381],[0,0],[-1.381,0],[0,0],[0,-1.381]],"v":[[-12,-4],[4,-4],[6.5,-1.5],[6.5,-1.5],[4,1],[-12,1],[-14.5,-1.5],[-14.5,-1.5]],"c":true},"ix":2},"nm":"Path 1","mn":"ADBE Vector Shape - Group","hd":false},{"ty":"st","c":{"a":0,"k":[0.070588235294,0.074509803922,0.192156862745,1],"ix":3,"x":"var $bm_rt;\n$bm_rt = comp('305-coins-eth-lineal').layer('Color  & Stroke Change').effect('Outline')('Color');"},"o":{"a":0,"k":100,"ix":4},"w":{"a":0,"k":0.6,"ix":5,"x":"var $bm_rt;\n$bm_rt = $bm_mul(0.9 / 100, comp('305-coins-eth-lineal').layer('Color  & Stroke Change').effect('Stroke')('Slider'));"},"lc":1,"lj":1,"ml":4,"bm":0,"nm":"Stroke 1","mn":"ADBE Vector Graphic - Stroke","hd":false},{"ty":"fl","c":{"a":0,"k":[1,0.780392169952,0.219607844949,1],"ix":4,"x":"var $bm_rt;\n$bm_rt = comp('305-coins-eth-lineal').layer('Color  & Stroke Change').effect('Secondary')('Color');"},"o":{"a":0,"k":50,"ix":5},"r":1,"bm":1,"nm":"Fill 1","mn":"ADBE Vector Graphic - Fill","hd":false},{"ty":"fl","c":{"a":0,"k":[1,0.780392169952,0.219607844949,1],"ix":4,"x":"var $bm_rt;\n$bm_rt = comp('305-coins-eth-lineal').layer('Color  & Stroke Change').effect('Secondary')('Color');"},"o":{"a":0,"k":100,"ix":5},"r":1,"bm":0,"nm":"Fill 2","mn":"ADBE Vector Graphic - Fill","hd":false},{"ty":"tr","p":{"a":0,"k":[0,0],"ix":2},"a":{"a":0,"k":[0,0],"ix":1},"s":{"a":0,"k":[100,100],"ix":3},"r":{"a":0,"k":0,"ix":6},"o":{"a":0,"k":100,"ix":7},"sk":{"a":0,"k":0,"ix":4},"sa":{"a":0,"k":0,"ix":5},"nm":"Transform"}],"nm":"Group 1","np":4,"cix":2,"bm":0,"ix":1,"mn":"ADBE Vector Group","hd":false}],"ip":0,"op":250,"st":0,"bm":0}]}],"layers":[{"ddd":0,"ind":1,"ty":3,"nm":"02092020","sr":1,"ks":{"o":{"a":0,"k":0,"ix":11},"r":{"a":0,"k":0,"ix":10},"p":{"a":0,"k":[-105,15,0],"ix":2,"l":2},"a":{"a":0,"k":[60,60,0],"ix":1,"l":2},"s":{"a":0,"k":[100,100,100],"ix":6,"l":2}},"ao":0,"ef":[{"ty":5,"nm":"02092020002","np":3,"mn":"ADBE Checkbox Control","ix":1,"en":1,"ef":[{"ty":7,"nm":"Checkbox","mn":"ADBE Checkbox Control-0001","ix":1,"v":{"a":0,"k":0,"ix":1}}]}],"ip":0,"op":125,"st":0,"bm":0},{"ddd":0,"ind":2,"ty":4,"nm":"lordicon.com Outlines","cl":"com","sr":1,"ks":{"o":{"a":0,"k":20,"ix":11,"x":"var $bm_rt;\nvar checkbox = thisComp.layer('02092020').effect('02092020002')('Checkbox');\nif (checkbox == 1) {\n    $bm_rt = 20;\n} else {\n    $bm_rt = 0;\n}\n;"},"r":{"a":0,"k":0,"ix":10},"p":{"a":0,"k":[249.934,481.369,0],"ix":2,"l":2},"a":{"a":0,"k":[79.934,0.369,0],"ix":1,"l":2},"s":{"a":0,"k":[265.159,265.159,100],"ix":6,"l":2}},"ao":0,"shapes":[{"ty":"gr","it":[{"ind":0,"ty":"sh","ix":1,"ks":{"a":0,"k":{"i":[[0,0],[0,0],[0,0],[0,0],[0,0],[0,0]],"o":[[0,0],[0,0],[0,0],[0,0],[0,0],[0,0]],"v":[[1.415,0],[11.014,0],[11.014,-2.523],[4.656,-2.523],[4.656,-14.809],[1.415,-14.809]],"c":true},"ix":2},"nm":"l","mn":"ADBE Vector Shape - Group","hd":false},{"ty":"fl","c":{"a":0,"k":[0,0,0,1],"ix":4},"o":{"a":0,"k":100,"ix":5},"r":1,"bm":0,"nm":"Fill 1","mn":"ADBE Vector Graphic - Fill","hd":false},{"ty":"tr","p":{"a":0,"k":[0,0],"ix":2},"a":{"a":0,"k":[0,0],"ix":1},"s":{"a":0,"k":[100,100],"ix":3},"r":{"a":0,"k":0,"ix":6},"o":{"a":0,"k":100,"ix":7},"sk":{"a":0,"k":0,"ix":4},"sa":{"a":0,"k":0,"ix":5},"nm":"Transform"}],"nm":"l","np":3,"cix":2,"bm":0,"ix":1,"mn":"ADBE Vector Group","hd":false},{"ty":"gr","it":[{"ind":0,"ty":"sh","ix":1,"ks":{"a":0,"k":{"i":[[0,-3.938],[-1.62,-1.723],[-1.949,0],[-1.641,1.846],[0,2.154],[1.579,1.805],[1.579,0]],"o":[[0,1.354],[1.354,1.415],[1.231,0],[1.21,-1.354],[0,-1.456],[-1.456,-1.641],[-5.333,0]],"v":[[11.167,-7.199],[12.992,-1.661],[18.243,0.369],[23.514,-1.743],[25.381,-7.548],[23.494,-13.127],[18.284,-15.137]],"c":true},"ix":2},"nm":"o","mn":"ADBE Vector Shape - Group","hd":false},{"ind":1,"ty":"sh","ix":2,"ks":{"a":0,"k":{"i":[[0,1.415],[-0.841,1.026],[-1.19,0],[-0.615,-1.825],[0,-0.718],[0.492,-0.738],[1.292,0],[0.451,0.615]],"o":[[0,-1.682],[0.595,-0.759],[1.518,0],[0.308,0.902],[0,2.359],[-0.595,0.923],[-1.477,0],[-0.882,-1.149]],"v":[[14.49,-7.302],[15.577,-11.609],[18.305,-12.86],[21.689,-10.235],[22.058,-7.589],[21.053,-3.343],[18.284,-1.969],[15.597,-3.159]],"c":true},"ix":2},"nm":"o","mn":"ADBE Vector Shape - Group","hd":false},{"ty":"mm","mm":1,"nm":"Merge Paths 1","mn":"ADBE Vector Filter - Merge","hd":false},{"ty":"fl","c":{"a":0,"k":[0,0,0,1],"ix":4},"o":{"a":0,"k":100,"ix":5},"r":1,"bm":0,"nm":"Fill 1","mn":"ADBE Vector Graphic - Fill","hd":false},{"ty":"tr","p":{"a":0,"k":[0,0],"ix":2},"a":{"a":0,"k":[0,0],"ix":1},"s":{"a":0,"k":[100,100],"ix":3},"r":{"a":0,"k":0,"ix":6},"o":{"a":0,"k":100,"ix":7},"sk":{"a":0,"k":0,"ix":4},"sa":{"a":0,"k":0,"ix":5},"nm":"Transform"}],"nm":"o","np":5,"cix":2,"bm":0,"ix":2,"mn":"ADBE Vector Group","hd":false},{"ty":"gr","it":[{"ind":0,"ty":"sh","ix":1,"ks":{"a":0,"k":{"i":[[0,0],[0,0],[0,0],[0,0],[-0.287,-0.841],[-0.144,-0.82],[0,0],[0.164,0.656],[0.226,1.743],[2.236,0.205],[0,2.769],[0.923,0.8],[1.641,-0.021],[0,0]],"o":[[0,0],[0,0],[0,0],[0.533,0],[0.205,0.574],[0,0],[-0.164,-0.246],[-0.103,-0.41],[-0.267,-1.928],[0.718,-0.205],[0,-0.964],[-1.19,-1.026],[0,0],[0,0]],"v":[[27.381,0],[30.622,0],[30.622,-5.989],[33.411,-5.989],[35.011,-5.148],[35.811,0],[39.318,0],[38.867,-1.067],[38.416,-3.938],[35.749,-7.343],[38.847,-10.973],[37.554,-13.824],[33.063,-14.829],[27.381,-14.829]],"c":true},"ix":2},"nm":"r","mn":"ADBE Vector Shape - Group","hd":false},{"ind":1,"ty":"sh","ix":2,"ks":{"a":0,"k":{"i":[[0,0],[0,0],[-0.492,-0.349],[0,-1.005],[0.226,-0.164],[0.369,0],[0,0]],"o":[[0,0],[1.005,0],[0.287,0.185],[0,1.046],[-0.513,0.41],[0,0],[0,0]],"v":[[30.519,-12.491],[32.652,-12.491],[34.744,-12.142],[35.524,-10.481],[34.703,-8.758],[33.083,-8.348],[30.519,-8.348]],"c":true},"ix":2},"nm":"r","mn":"ADBE Vector Shape - Group","hd":false},{"ty":"mm","mm":1,"nm":"Merge Paths 1","mn":"ADBE Vector Filter - Merge","hd":false},{"ty":"fl","c":{"a":0,"k":[0,0,0,1],"ix":4},"o":{"a":0,"k":100,"ix":5},"r":1,"bm":0,"nm":"Fill 1","mn":"ADBE Vector Graphic - Fill","hd":false},{"ty":"tr","p":{"a":0,"k":[0,0],"ix":2},"a":{"a":0,"k":[0,0],"ix":1},"s":{"a":0,"k":[100,100],"ix":3},"r":{"a":0,"k":0,"ix":6},"o":{"a":0,"k":100,"ix":7},"sk":{"a":0,"k":0,"ix":4},"sa":{"a":0,"k":0,"ix":5},"nm":"Transform"}],"nm":"r","np":5,"cix":2,"bm":0,"ix":3,"mn":"ADBE Vector Group","hd":false},{"ty":"gr","it":[{"ind":0,"ty":"sh","ix":1,"ks":{"a":0,"k":{"i":[[0,0],[0,0],[-0.554,0.103],[0,4.553],[1.866,1.374],[0.82,0],[0,0]],"o":[[0,0],[1.497,0],[2.81,-0.513],[0,-2.113],[-1.784,-1.313],[0,0],[0,0]],"v":[[41.068,0],[45.683,0],[48.349,-0.164],[53.6,-7.609],[51.077,-13.434],[45.97,-14.768],[41.068,-14.788]],"c":true},"ix":2},"nm":"d","mn":"ADBE Vector Shape - Group","hd":false},{"ind":1,"ty":"sh","ix":2,"ks":{"a":0,"k":{"i":[[0,0],[-0.656,-0.185],[0,-2.092],[1.251,-1.251],[1.354,0],[0.349,0.021]],"o":[[1.825,-0.082],[1.99,0.554],[0,0.718],[-0.923,0.923],[-0.369,0],[0,0]],"v":[[44.288,-12.388],[47.611,-12.183],[50.318,-7.609],[48.985,-3.425],[45.539,-2.4],[44.288,-2.441]],"c":true},"ix":2},"nm":"d","mn":"ADBE Vector Shape - Group","hd":false},{"ty":"mm","mm":1,"nm":"Merge Paths 1","mn":"ADBE Vector Filter - Merge","hd":false},{"ty":"fl","c":{"a":0,"k":[0,0,0,1],"ix":4},"o":{"a":0,"k":100,"ix":5},"r":1,"bm":0,"nm":"Fill 1","mn":"ADBE Vector Graphic - Fill","hd":false},{"ty":"tr","p":{"a":0,"k":[0,0],"ix":2},"a":{"a":0,"k":[0,0],"ix":1},"s":{"a":0,"k":[100,100],"ix":3},"r":{"a":0,"k":0,"ix":6},"o":{"a":0,"k":100,"ix":7},"sk":{"a":0,"k":0,"ix":4},"sa":{"a":0,"k":0,"ix":5},"nm":"Transform"}],"nm":"d","np":5,"cix":2,"bm":0,"ix":4,"mn":"ADBE Vector Group","hd":false},{"ty":"gr","it":[{"ind":0,"ty":"sh","ix":1,"ks":{"a":0,"k":{"i":[[0,0],[0,0],[0,0],[0,0]],"o":[[0,0],[0,0],[0,0],[0,0]],"v":[[55.669,0],[58.849,0],[58.849,-14.87],[55.669,-14.87]],"c":true},"ix":2},"nm":"i","mn":"ADBE Vector Shape - Group","hd":false},{"ty":"fl","c":{"a":0,"k":[0,0,0,1],"ix":4},"o":{"a":0,"k":100,"ix":5},"r":1,"bm":0,"nm":"Fill 1","mn":"ADBE Vector Graphic - Fill","hd":false},{"ty":"tr","p":{"a":0,"k":[0,0],"ix":2},"a":{"a":0,"k":[0,0],"ix":1},"s":{"a":0,"k":[100,100],"ix":3},"r":{"a":0,"k":0,"ix":6},"o":{"a":0,"k":100,"ix":7},"sk":{"a":0,"k":0,"ix":4},"sa":{"a":0,"k":0,"ix":5},"nm":"Transform"}],"nm":"i","np":3,"cix":2,"bm":0,"ix":5,"mn":"ADBE Vector Group","hd":false},{"ty":"gr","it":[{"ind":0,"ty":"sh","ix":1,"ks":{"a":0,"k":{"i":[[0,0],[3.241,0],[0,-4.697],[-5.107,0],[-1.313,1.354],[-0.062,0.882],[0,0],[1.333,0],[0,0.882],[-2.359,0],[-0.062,-0.513]],"o":[[0,-2.954],[-4.164,0],[0,3.671],[1.354,0],[1.19,-1.231],[0,0],[-0.062,1.969],[-3.097,0],[0,-3.056],[2.154,0],[0,0]],"v":[[73.104,-9.989],[67.587,-14.911],[60.798,-7.097],[67.566,0.349],[71.894,-1.313],[73.227,-4.799],[69.884,-4.799],[67.218,-1.99],[64.121,-7.076],[67.464,-12.593],[69.864,-9.989]],"c":true},"ix":2},"nm":"c","mn":"ADBE Vector Shape - Group","hd":false},{"ty":"fl","c":{"a":0,"k":[0,0,0,1],"ix":4},"o":{"a":0,"k":100,"ix":5},"r":1,"bm":0,"nm":"Fill 1","mn":"ADBE Vector Graphic - Fill","hd":false},{"ty":"tr","p":{"a":0,"k":[0,0],"ix":2},"a":{"a":0,"k":[0,0],"ix":1},"s":{"a":0,"k":[100,100],"ix":3},"r":{"a":0,"k":0,"ix":6},"o":{"a":0,"k":100,"ix":7},"sk":{"a":0,"k":0,"ix":4},"sa":{"a":0,"k":0,"ix":5},"nm":"Transform"}],"nm":"c","np":3,"cix":2,"bm":0,"ix":6,"mn":"ADBE Vector Group","hd":false},{"ty":"gr","it":[{"ind":0,"ty":"sh","ix":1,"ks":{"a":0,"k":{"i":[[0,-3.938],[-1.62,-1.723],[-1.949,0],[-1.641,1.846],[0,2.154],[1.579,1.805],[1.579,0]],"o":[[0,1.354],[1.354,1.415],[1.231,0],[1.21,-1.354],[0,-1.456],[-1.456,-1.641],[-5.333,0]],"v":[[74.546,-7.199],[76.372,-1.661],[81.622,0.369],[86.894,-1.743],[88.76,-7.548],[86.873,-13.127],[81.663,-15.137]],"c":true},"ix":2},"nm":"o","mn":"ADBE Vector Shape - Group","hd":false},{"ind":1,"ty":"sh","ix":2,"ks":{"a":0,"k":{"i":[[0,1.415],[-0.841,1.026],[-1.19,0],[-0.615,-1.825],[0,-0.718],[0.492,-0.738],[1.292,0],[0.451,0.615]],"o":[[0,-1.682],[0.595,-0.759],[1.518,0],[0.308,0.902],[0,2.359],[-0.595,0.923],[-1.477,0],[-0.882,-1.149]],"v":[[77.869,-7.302],[78.956,-11.609],[81.684,-12.86],[85.068,-10.235],[85.437,-7.589],[84.432,-3.343],[81.663,-1.969],[78.977,-3.159]],"c":true},"ix":2},"nm":"o","mn":"ADBE Vector Shape - Group","hd":false},{"ty":"mm","mm":1,"nm":"Merge Paths 1","mn":"ADBE Vector Filter - Merge","hd":false},{"ty":"fl","c":{"a":0,"k":[0,0,0,1],"ix":4},"o":{"a":0,"k":100,"ix":5},"r":1,"bm":0,"nm":"Fill 1","mn":"ADBE Vector Graphic - Fill","hd":false},{"ty":"tr","p":{"a":0,"k":[0,0],"ix":2},"a":{"a":0,"k":[0,0],"ix":1},"s":{"a":0,"k":[100,100],"ix":3},"r":{"a":0,"k":0,"ix":6},"o":{"a":0,"k":100,"ix":7},"sk":{"a":0,"k":0,"ix":4},"sa":{"a":0,"k":0,"ix":5},"nm":"Transform"}],"nm":"o","np":5,"cix":2,"bm":0,"ix":7,"mn":"ADBE Vector Group","hd":false},{"ty":"gr","it":[{"ind":0,"ty":"sh","ix":1,"ks":{"a":0,"k":{"i":[[0,0],[0,0],[0,0],[0,0],[0,0],[0,0],[0,0],[0,0],[0,0],[0,0]],"o":[[0,0],[0,0],[0,0],[0,0],[0,0],[0,0],[0,0],[0,0],[0,0],[0,0]],"v":[[91.007,0],[94.001,0],[94.001,-12.306],[99.744,0],[104.113,0],[104.113,-14.829],[101.159,-14.829],[101.159,-3.159],[95.601,-14.829],[91.007,-14.829]],"c":true},"ix":2},"nm":"n","mn":"ADBE Vector Shape - Group","hd":false},{"ty":"fl","c":{"a":0,"k":[0,0,0,1],"ix":4},"o":{"a":0,"k":100,"ix":5},"r":1,"bm":0,"nm":"Fill 1","mn":"ADBE Vector Graphic - Fill","hd":false},{"ty":"tr","p":{"a":0,"k":[0,0],"ix":2},"a":{"a":0,"k":[0,0],"ix":1},"s":{"a":0,"k":[100,100],"ix":3},"r":{"a":0,"k":0,"ix":6},"o":{"a":0,"k":100,"ix":7},"sk":{"a":0,"k":0,"ix":4},"sa":{"a":0,"k":0,"ix":5},"nm":"Transform"}],"nm":"n","np":3,"cix":2,"bm":0,"ix":8,"mn":"ADBE Vector Group","hd":false},{"ty":"gr","it":[{"ind":0,"ty":"sh","ix":1,"ks":{"a":0,"k":{"i":[[0,0],[0,0],[0,0],[0,0]],"o":[[0,0],[0,0],[0,0],[0,0]],"v":[[106.893,0],[109.497,0],[109.497,-2.728],[106.893,-2.728]],"c":true},"ix":2},"nm":".","mn":"ADBE Vector Shape - Group","hd":false},{"ty":"fl","c":{"a":0,"k":[0,0,0,1],"ix":4},"o":{"a":0,"k":100,"ix":5},"r":1,"bm":0,"nm":"Fill 1","mn":"ADBE Vector Graphic - Fill","hd":false},{"ty":"tr","p":{"a":0,"k":[0,0],"ix":2},"a":{"a":0,"k":[0,0],"ix":1},"s":{"a":0,"k":[100,100],"ix":3},"r":{"a":0,"k":0,"ix":6},"o":{"a":0,"k":100,"ix":7},"sk":{"a":0,"k":0,"ix":4},"sa":{"a":0,"k":0,"ix":5},"nm":"Transform"}],"nm":".","np":3,"cix":2,"bm":0,"ix":9,"mn":"ADBE Vector Group","hd":false},{"ty":"gr","it":[{"ind":0,"ty":"sh","ix":1,"ks":{"a":0,"k":{"i":[[0,0],[3.241,0],[0,-4.697],[-5.107,0],[-1.313,1.354],[-0.062,0.882],[0,0],[1.333,0],[0,0.882],[-2.359,0],[-0.062,-0.513]],"o":[[0,-2.954],[-4.164,0],[0,3.671],[1.354,0],[1.19,-1.231],[0,0],[-0.062,1.969],[-3.097,0],[0,-3.056],[2.154,0],[0,0]],"v":[[124.04,-9.989],[118.523,-14.911],[111.734,-7.097],[118.502,0.349],[122.83,-1.313],[124.163,-4.799],[120.82,-4.799],[118.154,-1.99],[115.057,-7.076],[118.4,-12.593],[120.8,-9.989]],"c":true},"ix":2},"nm":"c","mn":"ADBE Vector Shape - Group","hd":false},{"ty":"fl","c":{"a":0,"k":[0,0,0,1],"ix":4},"o":{"a":0,"k":100,"ix":5},"r":1,"bm":0,"nm":"Fill 1","mn":"ADBE Vector Graphic - Fill","hd":false},{"ty":"tr","p":{"a":0,"k":[0,0],"ix":2},"a":{"a":0,"k":[0,0],"ix":1},"s":{"a":0,"k":[100,100],"ix":3},"r":{"a":0,"k":0,"ix":6},"o":{"a":0,"k":100,"ix":7},"sk":{"a":0,"k":0,"ix":4},"sa":{"a":0,"k":0,"ix":5},"nm":"Transform"}],"nm":"c","np":3,"cix":2,"bm":0,"ix":10,"mn":"ADBE Vector Group","hd":false},{"ty":"gr","it":[{"ind":0,"ty":"sh","ix":1,"ks":{"a":0,"k":{"i":[[0,-3.938],[-1.62,-1.723],[-1.949,0],[-1.641,1.846],[0,2.154],[1.579,1.805],[1.579,0]],"o":[[0,1.354],[1.354,1.415],[1.231,0],[1.21,-1.354],[0,-1.456],[-1.456,-1.641],[-5.333,0]],"v":[[125.482,-7.199],[127.308,-1.661],[132.558,0.369],[137.829,-1.743],[139.696,-7.548],[137.809,-13.127],[132.599,-15.137]],"c":true},"ix":2},"nm":"o","mn":"ADBE Vector Shape - Group","hd":false},{"ind":1,"ty":"sh","ix":2,"ks":{"a":0,"k":{"i":[[0,1.415],[-0.841,1.026],[-1.19,0],[-0.615,-1.825],[0,-0.718],[0.492,-0.738],[1.292,0],[0.451,0.615]],"o":[[0,-1.682],[0.595,-0.759],[1.518,0],[0.308,0.902],[0,2.359],[-0.595,0.923],[-1.477,0],[-0.882,-1.149]],"v":[[128.805,-7.302],[129.892,-11.609],[132.62,-12.86],[136.004,-10.235],[136.373,-7.589],[135.368,-3.343],[132.599,-1.969],[129.912,-3.159]],"c":true},"ix":2},"nm":"o","mn":"ADBE Vector Shape - Group","hd":false},{"ty":"mm","mm":1,"nm":"Merge Paths 1","mn":"ADBE Vector Filter - Merge","hd":false},{"ty":"fl","c":{"a":0,"k":[0,0,0,1],"ix":4},"o":{"a":0,"k":100,"ix":5},"r":1,"bm":0,"nm":"Fill 1","mn":"ADBE Vector Graphic - Fill","hd":false},{"ty":"tr","p":{"a":0,"k":[0,0],"ix":2},"a":{"a":0,"k":[0,0],"ix":1},"s":{"a":0,"k":[100,100],"ix":3},"r":{"a":0,"k":0,"ix":6},"o":{"a":0,"k":100,"ix":7},"sk":{"a":0,"k":0,"ix":4},"sa":{"a":0,"k":0,"ix":5},"nm":"Transform"}],"nm":"o","np":5,"cix":2,"bm":0,"ix":11,"mn":"ADBE Vector Group","hd":false},{"ty":"gr","it":[{"ind":0,"ty":"sh","ix":1,"ks":{"a":0,"k":{"i":[[0,0],[0,0],[0,0],[0,0],[0,0],[0,0],[0,0],[0,0],[0,0],[0,0],[0,0],[0,0],[0,0]],"o":[[0,0],[0,0],[0,0],[0,0],[0,0],[0,0],[0,0],[0,0],[0,0],[0,0],[0,0],[0,0],[0,0]],"v":[[141.696,0],[144.67,0],[144.67,-12.716],[148.629,0],[151.254,0],[155.295,-12.716],[155.295,0],[158.453,0],[158.453,-14.829],[153.408,-14.829],[150.024,-4.041],[146.885,-14.829],[141.696,-14.829]],"c":true},"ix":2},"nm":"m","mn":"ADBE Vector Shape - Group","hd":false},{"ty":"fl","c":{"a":0,"k":[0,0,0,1],"ix":4},"o":{"a":0,"k":100,"ix":5},"r":1,"bm":0,"nm":"Fill 1","mn":"ADBE Vector Graphic - Fill","hd":false},{"ty":"tr","p":{"a":0,"k":[0,0],"ix":2},"a":{"a":0,"k":[0,0],"ix":1},"s":{"a":0,"k":[100,100],"ix":3},"r":{"a":0,"k":0,"ix":6},"o":{"a":0,"k":100,"ix":7},"sk":{"a":0,"k":0,"ix":4},"sa":{"a":0,"k":0,"ix":5},"nm":"Transform"}],"nm":"m","np":3,"cix":2,"bm":0,"ix":12,"mn":"ADBE Vector Group","hd":false}],"ip":1.04166666666667,"op":10.4166666666667,"st":0,"bm":0},{"ddd":0,"ind":3,"ty":3,"nm":"Color  & Stroke Change","sr":1,"ks":{"o":{"a":0,"k":0,"ix":11},"r":{"a":0,"k":0,"ix":10},"p":{"a":0,"k":[0,0],"ix":2,"l":2},"a":{"a":0,"k":[0,0,0],"ix":1,"l":2},"s":{"a":0,"k":[100,100,100],"ix":6,"l":2}},"ao":0,"ef":[{"ty":5,"nm":"Outline","np":3,"mn":"ADBE Color Control","ix":1,"en":1,"ef":[{"ty":2,"nm":"Color","mn":"ADBE Color Control-0001","ix":1,"v":{"a":0,"k":[0.071,0.075,0.192],"ix":1}}]},{"ty":5,"nm":"Primary","np":3,"mn":"ADBE Color Control","ix":2,"en":1,"ef":[{"ty":2,"nm":"Color","mn":"ADBE Color Control-0001","ix":1,"v":{"a":0,"k":[0.188,0.502,0.91],"ix":1}}]},{"ty":5,"nm":"Secondary","np":3,"mn":"ADBE Color Control","ix":3,"en":1,"ef":[{"ty":2,"nm":"Color","mn":"ADBE Color Control-0001","ix":1,"v":{"a":0,"k":[1,0.78,0.22],"ix":1}}]},{"ty":5,"nm":"Stroke","np":3,"mn":"ADBE Slider Control","ix":4,"en":1,"ef":[{"ty":0,"nm":"Slider","mn":"ADBE Slider Control-0001","ix":1,"v":{"a":0,"k":70,"ix":1}}]},{"ty":5,"nm":"Scale","np":3,"mn":"ADBE Slider Control","ix":5,"en":1,"ef":[{"ty":0,"nm":"Slider","mn":"ADBE Slider Control-0001","ix":1,"v":{"a":0,"k":100,"ix":1}}]},{"ty":5,"nm":"Axis","np":3,"mn":"ADBE Point Control","ix":6,"en":1,"ef":[{"ty":3,"nm":"Point","mn":"ADBE Point Control-0001","ix":1,"v":{"a":0,"k":[250,250],"ix":1}}]}],"ip":0,"op":125,"st":0,"bm":0},{"ddd":0,"ind":4,"ty":3,"nm":"NULL","sr":1,"ks":{"o":{"a":0,"k":0,"ix":11},"r":{"a":0,"k":0,"ix":10},"p":{"a":0,"k":[250,250,0],"ix":2,"l":2,"x":"var $bm_rt;\n$bm_rt = thisComp.layer('Color  & Stroke Change').effect('Axis')('Point');"},"a":{"a":0,"k":[60,60,0],"ix":1,"l":2},"s":{"a":0,"k":[100,100,100],"ix":6,"l":2,"x":"var $bm_rt;\nvar temp;\ntemp = thisComp.layer('Color  & Stroke Change').effect('Scale')('Slider');\n$bm_rt = [\n    temp,\n    temp\n];"}},"ao":0,"ip":0,"op":125,"st":0,"bm":0},{"ddd":0,"ind":5,"ty":3,"nm":"NULL CONTROL","parent":4,"sr":1,"ks":{"o":{"a":0,"k":0,"ix":11},"r":{"a":0,"k":0,"ix":10},"p":{"a":0,"k":[57.85,31.075,0],"ix":2,"l":2},"a":{"a":0,"k":[60,60,0],"ix":1,"l":2},"s":{"a":0,"k":[38.7,38.7,100],"ix":6,"l":2}},"ao":0,"ip":0,"op":250,"st":0,"bm":0},{"ddd":0,"ind":6,"ty":0,"nm":"ETH","parent":10,"refId":"comp_0","sr":1,"ks":{"o":{"a":0,"k":100,"ix":11},"r":{"a":0,"k":0,"ix":10},"p":{"a":0,"k":[3.944,3.693,0],"ix":2,"l":2},"a":{"a":0,"k":[250,250,0],"ix":1,"l":2},"s":{"a":0,"k":[5.673,5.673,100],"ix":6,"l":2}},"ao":0,"w":500,"h":500,"ip":0,"op":99,"st":0,"bm":0},{"ddd":0,"ind":7,"ty":4,"nm":"Warstwa 8","parent":4,"sr":1,"ks":{"o":{"a":0,"k":100,"ix":11},"r":{"a":1,"k":[{"i":{"x":[0.582],"y":[0.428]},"o":{"x":[0.578],"y":[0.816]},"t":0,"s":[0]},{"i":{"x":[0.519],"y":[0.336]},"o":{"x":[0.483],"y":[0.702]},"t":13.778,"s":[300]},{"i":{"x":[0.667],"y":[1]},"o":{"x":[0.167],"y":[0.167]},"t":24.799,"s":[334.632]},{"t":41,"s":[360]}],"ix":10},"p":{"a":1,"k":[{"i":{"x":0.32,"y":1},"o":{"x":0.167,"y":0.167},"t":0,"s":[108.602,111.93,0],"to":[-3.016,-12.678,0],"ti":[13.447,0.964,0]},{"i":{"x":0.833,"y":0.833},"o":{"x":0.68,"y":0},"t":8,"s":[86.756,35.41,0],"to":[-11.307,-0.811,0],"ti":[0,-6.721,0]},{"i":{"x":0.667,"y":1},"o":{"x":0.167,"y":0.167},"t":13.778,"s":[71.639,111.93,0],"to":[0,-3.528,0],"ti":[-5.78,0.039,0]},{"i":{"x":0.833,"y":0.833},"o":{"x":0.333,"y":0},"t":19.288,"s":[82.391,91.232,0],"to":[6.058,-0.041,0],"ti":[0,-2.24,0]},{"i":{"x":0.667,"y":1},"o":{"x":0.167,"y":0.167},"t":24.562,"s":[92.472,111.93,0],"to":[-0.168,-2.632,0],"ti":[-3.006,-0.097,0]},{"i":{"x":0.833,"y":0.833},"o":{"x":0.333,"y":0},"t":28.932,"s":[97.765,103.474,0],"to":[3.105,0.1,0],"ti":[0,-1.12,0]},{"i":{"x":0.667,"y":1},"o":{"x":0.167,"y":0.167},"t":34.442,"s":[102.217,111.93,0],"to":[2.184,-0.224,0],"ti":[-2.03,-0.028,0]},{"t":41,"s":[108.602,111.93,0]}],"ix":2,"l":2},"a":{"a":0,"k":[4,3.5,0],"ix":1,"l":2},"s":{"a":0,"k":[1075.292,1075.292,100],"ix":6,"l":2}},"ao":0,"shapes":[{"ty":"gr","it":[{"ind":0,"ty":"sh","ix":1,"ks":{"a":0,"k":{"i":[[-3.932,0],[0,-3.932],[3.932,0],[0,3.932]],"o":[[3.932,0],[0,3.932],[-3.932,0],[0,-3.932]],"v":[[4,-3.619],[11.119,3.5],[4,10.619],[-3.119,3.5]],"c":true},"ix":2},"nm":"Path 1","mn":"ADBE Vector Shape - Group","hd":false},{"ty":"st","c":{"a":0,"k":[0.698039233685,0.407843142748,0.211764708161,1],"ix":3,"x":"var $bm_rt;\n$bm_rt = thisComp.layer('Color  & Stroke Change').effect('Primary')('Color');"},"o":{"a":0,"k":100,"ix":4},"w":{"a":0,"k":0.6,"ix":5,"x":"var $bm_rt;\n$bm_rt = $bm_mul(0.9 / 100, thisComp.layer('Color  & Stroke Change').effect('Stroke')('Slider'));"},"lc":1,"lj":1,"ml":4,"bm":0,"nm":"Stroke 1","mn":"ADBE Vector Graphic - Stroke","hd":false},{"ty":"tr","p":{"a":0,"k":[0,0],"ix":2},"a":{"a":0,"k":[0,0],"ix":1},"s":{"a":0,"k":[100,100],"ix":3},"r":{"a":0,"k":0,"ix":6},"o":{"a":0,"k":100,"ix":7},"sk":{"a":0,"k":0,"ix":4},"sa":{"a":0,"k":0,"ix":5},"nm":"Transform"}],"nm":"Oval 2","np":2,"cix":2,"bm":0,"ix":1,"mn":"ADBE Vector Group","hd":false},{"ty":"gr","it":[{"ind":0,"ty":"sh","ix":1,"ks":{"a":0,"k":{"i":[[-5.799,0],[0,-5.799],[5.799,0],[0,5.799]],"o":[[5.799,0],[0,5.799],[-5.799,0],[0,-5.799]],"v":[[4,-7],[14.5,3.5],[4,14],[-6.5,3.5]],"c":true},"ix":2},"nm":"Path 1","mn":"ADBE Vector Shape - Group","hd":false},{"ty":"st","c":{"a":0,"k":[0.07058800342,0.074509998396,0.192156997381,1],"ix":3,"x":"var $bm_rt;\n$bm_rt = thisComp.layer('Color  & Stroke Change').effect('Outline')('Color');"},"o":{"a":0,"k":100,"ix":4},"w":{"a":0,"k":0.6,"ix":5,"x":"var $bm_rt;\n$bm_rt = $bm_mul(0.9 / 100, thisComp.layer('Color  & Stroke Change').effect('Stroke')('Slider'));"},"lc":1,"lj":1,"ml":4,"bm":0,"nm":"Stroke 1","mn":"ADBE Vector Graphic - Stroke","hd":false},{"ty":"tr","p":{"a":0,"k":[0,0],"ix":2},"a":{"a":0,"k":[0,0],"ix":1},"s":{"a":0,"k":[100,100],"ix":3},"r":{"a":0,"k":0,"ix":6},"o":{"a":0,"k":100,"ix":7},"sk":{"a":0,"k":0,"ix":4},"sa":{"a":0,"k":0,"ix":5},"nm":"Transform"}],"nm":"Oval","np":2,"cix":2,"bm":0,"ix":2,"mn":"ADBE Vector Group","hd":false}],"ip":0,"op":250,"st":0,"bm":0},{"ddd":0,"ind":8,"ty":4,"nm":"Warstwa 7","parent":4,"td":1,"sr":1,"ks":{"o":{"a":0,"k":100,"ix":11},"r":{"a":1,"k":[{"i":{"x":[0.582],"y":[0.428]},"o":{"x":[0.578],"y":[0.816]},"t":0,"s":[0]},{"i":{"x":[0.519],"y":[0.336]},"o":{"x":[0.483],"y":[0.702]},"t":13.778,"s":[300]},{"i":{"x":[0.667],"y":[1]},"o":{"x":[0.167],"y":[0.167]},"t":24.799,"s":[334.632]},{"t":41,"s":[360]}],"ix":10},"p":{"a":1,"k":[{"i":{"x":0.32,"y":1},"o":{"x":0.167,"y":0.167},"t":0,"s":[108.602,111.93,0],"to":[-3.016,-12.678,0],"ti":[13.447,0.964,0]},{"i":{"x":0.833,"y":0.833},"o":{"x":0.68,"y":0},"t":8,"s":[86.756,35.41,0],"to":[-11.307,-0.811,0],"ti":[0,-6.721,0]},{"i":{"x":0.667,"y":1},"o":{"x":0.167,"y":0.167},"t":13.778,"s":[71.639,111.93,0],"to":[0,-3.528,0],"ti":[-5.78,0.039,0]},{"i":{"x":0.833,"y":0.833},"o":{"x":0.333,"y":0},"t":19.288,"s":[82.391,91.232,0],"to":[6.058,-0.041,0],"ti":[0,-2.24,0]},{"i":{"x":0.667,"y":1},"o":{"x":0.167,"y":0.167},"t":24.562,"s":[92.472,111.93,0],"to":[-0.168,-2.632,0],"ti":[-3.006,-0.097,0]},{"i":{"x":0.833,"y":0.833},"o":{"x":0.333,"y":0},"t":28.932,"s":[97.765,103.474,0],"to":[3.105,0.1,0],"ti":[0,-1.12,0]},{"i":{"x":0.667,"y":1},"o":{"x":0.167,"y":0.167},"t":34.442,"s":[102.217,111.93,0],"to":[2.184,-0.224,0],"ti":[-2.03,-0.028,0]},{"t":41,"s":[108.602,111.93,0]}],"ix":2,"l":2},"a":{"a":0,"k":[4,3.5,0],"ix":1,"l":2},"s":{"a":0,"k":[1075.292,1075.292,100],"ix":6,"l":2}},"ao":0,"shapes":[{"ty":"gr","it":[{"ind":0,"ty":"sh","ix":1,"ks":{"a":0,"k":{"i":[[-5.799,0],[0,-5.799],[5.799,0],[0,5.799]],"o":[[5.799,0],[0,5.799],[-5.799,0],[0,-5.799]],"v":[[4,-7],[14.5,3.5],[4,14],[-6.5,3.5]],"c":true},"ix":2},"nm":"Path 1","mn":"ADBE Vector Shape - Group","hd":false},{"ty":"fl","c":{"a":0,"k":[1,0,0.219607844949,1],"ix":4},"o":{"a":0,"k":100,"ix":5},"r":1,"bm":0,"nm":"Fill 2","mn":"ADBE Vector Graphic - Fill","hd":false},{"ty":"tr","p":{"a":0,"k":[0,0],"ix":2},"a":{"a":0,"k":[0,0],"ix":1},"s":{"a":0,"k":[100,100],"ix":3},"r":{"a":0,"k":0,"ix":6},"o":{"a":0,"k":100,"ix":7},"sk":{"a":0,"k":0,"ix":4},"sa":{"a":0,"k":0,"ix":5},"nm":"Transform"}],"nm":"Oval","np":2,"cix":2,"bm":0,"ix":1,"mn":"ADBE Vector Group","hd":false}],"ip":0,"op":250,"st":0,"bm":0},{"ddd":0,"ind":9,"ty":4,"nm":"Reflection","parent":12,"tt":1,"sr":1,"ks":{"o":{"a":0,"k":100,"ix":11},"r":{"a":0,"k":0,"ix":10},"p":{"a":1,"k":[{"i":{"x":0.67,"y":1},"o":{"x":0.33,"y":0},"t":0,"s":[5.082,4.253,0],"to":[0.028,2.168,0],"ti":[-0.336,1.626,0]},{"i":{"x":0.67,"y":1},"o":{"x":0.33,"y":0},"t":7,"s":[5.25,17.263,0],"to":[0.115,-0.559,0],"ti":[0.168,4.321,0]},{"i":{"x":0.67,"y":1},"o":{"x":0.33,"y":0},"t":9,"s":[3.906,15.998,0],"to":[-0.168,-4.321,0],"ti":[-0.349,1.265,0]},{"i":{"x":0.67,"y":1},"o":{"x":0.33,"y":0},"t":14,"s":[4.242,-8.666,0],"to":[0.532,-1.927,0],"ti":[-0.14,-2.153,0]},{"i":{"x":0.666,"y":0.906},"o":{"x":0.332,"y":0},"t":21,"s":[7.6,6.964,0],"to":[0.001,0.01,0],"ti":[0.258,0.299,0]},{"i":{"x":0.667,"y":0.764},"o":{"x":0.333,"y":0.197},"t":25,"s":[7.673,2.858,0],"to":[-0.41,-0.476,0],"ti":[0.609,-0.561,0]},{"i":{"x":0.667,"y":1},"o":{"x":0.335,"y":0.503},"t":31,"s":[5.844,4.934,0],"to":[-0.329,0.303,0],"ti":[0.01,0.001,0]},{"t":36,"s":[5.082,4.253,0]}],"ix":2,"l":2},"a":{"a":0,"k":[299.575,264.02,0],"ix":1,"l":2},"s":{"a":0,"k":[7.797,8.391,100],"ix":6,"l":2}},"ao":0,"shapes":[{"ty":"gr","it":[{"ind":0,"ty":"sh","ix":1,"ks":{"a":0,"k":{"i":[[0,0],[23.67,-10.13],[0,0],[0,0],[-23.67,10.13],[0,0]],"o":[[-12.85,22.07],[0,0],[0,0],[12.85,-22.07],[0,0],[0,0]],"v":[[212.106,181.949],[155.856,231.719],[-103.055,-59.845],[-169.902,-132.634],[-113.642,-182.404],[-46.755,-109.585]],"c":true},"ix":2},"nm":"Path 1","mn":"ADBE Vector Shape - Group","hd":false},{"ty":"fl","c":{"a":0,"k":[1,0.780392169952,0.219607844949,1],"ix":4,"x":"var $bm_rt;\n$bm_rt = thisComp.layer('Color  & Stroke Change').effect('Secondary')('Color');"},"o":{"a":0,"k":100,"ix":5},"r":1,"bm":0,"nm":"Fill 1","mn":"ADBE Vector Graphic - Fill","hd":false},{"ty":"tr","p":{"a":0,"k":[299.57,264.015],"ix":2},"a":{"a":0,"k":[0,0],"ix":1},"s":{"a":0,"k":[100,100],"ix":3},"r":{"a":0,"k":0,"ix":6},"o":{"a":0,"k":100,"ix":7},"sk":{"a":0,"k":0,"ix":4},"sa":{"a":0,"k":0,"ix":5},"nm":"Transform"}],"nm":"Group 2","np":2,"cix":2,"bm":0,"ix":1,"mn":"ADBE Vector Group","hd":false}],"ip":0,"op":125,"st":0,"bm":0},{"ddd":0,"ind":10,"ty":4,"nm":"Warstwa 5","parent":4,"sr":1,"ks":{"o":{"a":0,"k":100,"ix":11},"r":{"a":1,"k":[{"i":{"x":[0.582],"y":[0.428]},"o":{"x":[0.578],"y":[0.816]},"t":0,"s":[0]},{"i":{"x":[0.519],"y":[0.336]},"o":{"x":[0.483],"y":[0.702]},"t":13.778,"s":[300]},{"i":{"x":[0.667],"y":[1]},"o":{"x":[0.167],"y":[0.167]},"t":24.799,"s":[334.632]},{"t":41,"s":[360]}],"ix":10},"p":{"a":1,"k":[{"i":{"x":0.32,"y":1},"o":{"x":0.167,"y":0.167},"t":0,"s":[108.602,111.93,0],"to":[-3.016,-12.678,0],"ti":[13.447,0.964,0]},{"i":{"x":0.833,"y":0.833},"o":{"x":0.68,"y":0},"t":8,"s":[86.756,35.41,0],"to":[-11.307,-0.811,0],"ti":[0,-6.721,0]},{"i":{"x":0.667,"y":1},"o":{"x":0.167,"y":0.167},"t":13.778,"s":[71.639,111.93,0],"to":[0,-3.528,0],"ti":[-5.78,0.039,0]},{"i":{"x":0.833,"y":0.833},"o":{"x":0.333,"y":0},"t":19.288,"s":[82.391,91.232,0],"to":[6.058,-0.041,0],"ti":[0,-2.24,0]},{"i":{"x":0.667,"y":1},"o":{"x":0.167,"y":0.167},"t":24.562,"s":[92.472,111.93,0],"to":[-0.168,-2.632,0],"ti":[-3.006,-0.097,0]},{"i":{"x":0.833,"y":0.833},"o":{"x":0.333,"y":0},"t":28.932,"s":[97.765,103.474,0],"to":[3.105,0.1,0],"ti":[0,-1.12,0]},{"i":{"x":0.667,"y":1},"o":{"x":0.167,"y":0.167},"t":34.442,"s":[102.217,111.93,0],"to":[2.184,-0.224,0],"ti":[-2.03,-0.028,0]},{"t":41,"s":[108.602,111.93,0]}],"ix":2,"l":2},"a":{"a":0,"k":[4,3.5,0],"ix":1,"l":2},"s":{"a":0,"k":[1075.292,1075.292,100],"ix":6,"l":2}},"ao":0,"shapes":[{"ty":"gr","it":[{"ind":0,"ty":"sh","ix":1,"ks":{"a":0,"k":{"i":[[-3.932,0],[0,-3.932],[3.932,0],[0,3.932]],"o":[[3.932,0],[0,3.932],[-3.932,0],[0,-3.932]],"v":[[4,-3.619],[11.119,3.5],[4,10.619],[-3.119,3.5]],"c":true},"ix":2},"nm":"Path 1","mn":"ADBE Vector Shape - Group","hd":false},{"ty":"st","c":{"a":0,"k":[0.698039233685,0.407843142748,0.211764708161,1],"ix":3,"x":"var $bm_rt;\n$bm_rt = thisComp.layer('Color  & Stroke Change').effect('Primary')('Color');"},"o":{"a":0,"k":100,"ix":4},"w":{"a":0,"k":0.6,"ix":5,"x":"var $bm_rt;\n$bm_rt = $bm_mul(0.9 / 100, thisComp.layer('Color  & Stroke Change').effect('Stroke')('Slider'));"},"lc":1,"lj":1,"ml":4,"bm":0,"nm":"Stroke 1","mn":"ADBE Vector Graphic - Stroke","hd":false},{"ty":"tr","p":{"a":0,"k":[0,0],"ix":2},"a":{"a":0,"k":[0,0],"ix":1},"s":{"a":0,"k":[100,100],"ix":3},"r":{"a":0,"k":0,"ix":6},"o":{"a":0,"k":100,"ix":7},"sk":{"a":0,"k":0,"ix":4},"sa":{"a":0,"k":0,"ix":5},"nm":"Transform"}],"nm":"Oval 2","np":2,"cix":2,"bm":0,"ix":1,"mn":"ADBE Vector Group","hd":false},{"ty":"gr","it":[{"ind":0,"ty":"sh","ix":1,"ks":{"a":0,"k":{"i":[[-5.799,0],[0,-5.799],[5.799,0],[0,5.799]],"o":[[5.799,0],[0,5.799],[-5.799,0],[0,-5.799]],"v":[[4,-7],[14.5,3.5],[4,14],[-6.5,3.5]],"c":true},"ix":2},"nm":"Path 1","mn":"ADBE Vector Shape - Group","hd":false},{"ty":"st","c":{"a":0,"k":[0.07058800342,0.074509998396,0.192156997381,1],"ix":3,"x":"var $bm_rt;\n$bm_rt = thisComp.layer('Color  & Stroke Change').effect('Outline')('Color');"},"o":{"a":0,"k":100,"ix":4},"w":{"a":0,"k":0.6,"ix":5,"x":"var $bm_rt;\n$bm_rt = $bm_mul(0.9 / 100, thisComp.layer('Color  & Stroke Change').effect('Stroke')('Slider'));"},"lc":1,"lj":1,"ml":4,"bm":0,"nm":"Stroke 1","mn":"ADBE Vector Graphic - Stroke","hd":false},{"ty":"fl","c":{"a":0,"k":[1,0.780392169952,0.219607844949,1],"ix":4,"x":"var $bm_rt;\n$bm_rt = thisComp.layer('Color  & Stroke Change').effect('Secondary')('Color');"},"o":{"a":0,"k":50,"ix":5},"r":1,"bm":1,"nm":"Fill 1","mn":"ADBE Vector Graphic - Fill","hd":false},{"ty":"fl","c":{"a":0,"k":[1,0.780392169952,0.219607844949,1],"ix":4,"x":"var $bm_rt;\n$bm_rt = thisComp.layer('Color  & Stroke Change').effect('Secondary')('Color');"},"o":{"a":0,"k":100,"ix":5},"r":1,"bm":0,"nm":"Fill 2","mn":"ADBE Vector Graphic - Fill","hd":false},{"ty":"tr","p":{"a":0,"k":[0,0],"ix":2},"a":{"a":0,"k":[0,0],"ix":1},"s":{"a":0,"k":[100,100],"ix":3},"r":{"a":0,"k":0,"ix":6},"o":{"a":0,"k":100,"ix":7},"sk":{"a":0,"k":0,"ix":4},"sa":{"a":0,"k":0,"ix":5},"nm":"Transform"}],"nm":"Oval","np":4,"cix":2,"bm":0,"ix":2,"mn":"ADBE Vector Group","hd":false}],"ip":0,"op":250,"st":0,"bm":0},{"ddd":0,"ind":11,"ty":0,"nm":"Stuck-lineal","parent":4,"td":1,"refId":"comp_1","sr":1,"ks":{"o":{"a":0,"k":100,"ix":11},"r":{"a":0,"k":0,"ix":10},"p":{"a":0,"k":[60,60,0],"ix":2,"l":2},"a":{"a":0,"k":[250,250,0],"ix":1,"l":2},"s":{"a":0,"k":[100,100,100],"ix":6,"l":2}},"ao":0,"w":500,"h":500,"ip":0,"op":125,"st":0,"bm":0},{"ddd":0,"ind":12,"ty":4,"nm":"Shadow","parent":4,"tt":1,"sr":1,"ks":{"o":{"a":0,"k":100,"ix":11},"r":{"a":0,"k":0,"ix":10},"p":{"a":1,"k":[{"i":{"x":0.32,"y":1},"o":{"x":0.167,"y":0.167},"t":0,"s":[108.602,111.93,0],"to":[-3.016,-12.678,0],"ti":[13.447,0.964,0]},{"i":{"x":0.833,"y":0.833},"o":{"x":0.68,"y":0},"t":8,"s":[86.756,35.41,0],"to":[-11.307,-0.811,0],"ti":[0,-6.721,0]},{"i":{"x":0.667,"y":1},"o":{"x":0.167,"y":0.167},"t":13.778,"s":[71.639,111.93,0],"to":[0,-3.528,0],"ti":[-5.78,0.039,0]},{"i":{"x":0.833,"y":0.833},"o":{"x":0.333,"y":0},"t":19.288,"s":[82.391,91.232,0],"to":[6.058,-0.041,0],"ti":[0,-2.24,0]},{"i":{"x":0.667,"y":1},"o":{"x":0.167,"y":0.167},"t":24.562,"s":[92.472,111.93,0],"to":[-0.168,-2.632,0],"ti":[-3.006,-0.097,0]},{"i":{"x":0.833,"y":0.833},"o":{"x":0.333,"y":0},"t":28.932,"s":[97.765,103.474,0],"to":[3.105,0.1,0],"ti":[0,-1.12,0]},{"i":{"x":0.667,"y":1},"o":{"x":0.167,"y":0.167},"t":34.442,"s":[102.217,111.93,0],"to":[2.184,-0.224,0],"ti":[-2.03,-0.028,0]},{"t":41,"s":[108.602,111.93,0]}],"ix":2,"l":2},"a":{"a":0,"k":[5,4.2,0],"ix":1,"l":2},"s":{"a":0,"k":[1191.082,1106.871,100],"ix":6,"l":2}},"ao":0,"shapes":[{"ty":"gr","it":[{"ind":0,"ty":"sh","ix":1,"ks":{"a":0,"k":{"i":[[-3.932,0],[0,-3.932],[3.932,0],[0,3.932]],"o":[[3.932,0],[0,3.932],[-3.932,0],[0,-3.932]],"v":[[4,-3.619],[11.119,3.5],[4,10.619],[-3.119,3.5]],"c":true},"ix":2},"nm":"Path 1","mn":"ADBE Vector Shape - Group","hd":false},{"ty":"tr","p":{"a":0,"k":[0,0],"ix":2},"a":{"a":0,"k":[0,0],"ix":1},"s":{"a":0,"k":[100,100],"ix":3},"r":{"a":0,"k":0,"ix":6},"o":{"a":0,"k":100,"ix":7},"sk":{"a":0,"k":0,"ix":4},"sa":{"a":0,"k":0,"ix":5},"nm":"Transform"}],"nm":"Oval 2","np":1,"cix":2,"bm":0,"ix":1,"mn":"ADBE Vector Group","hd":false},{"ty":"gr","it":[{"ind":0,"ty":"sh","ix":1,"ks":{"a":0,"k":{"i":[[-5.799,0],[0,-5.799],[5.799,0],[0,5.799]],"o":[[5.799,0],[0,5.799],[-5.799,0],[0,-5.799]],"v":[[4,-7],[14.5,3.5],[4,14],[-6.5,3.5]],"c":true},"ix":2},"nm":"Path 1","mn":"ADBE Vector Shape - Group","hd":false},{"ty":"fl","c":{"a":0,"k":[0,0,0,1],"ix":4},"o":{"a":0,"k":30,"ix":5},"r":1,"bm":0,"nm":"Fill 2","mn":"ADBE Vector Graphic - Fill","hd":false},{"ty":"tr","p":{"a":0,"k":[0,0],"ix":2},"a":{"a":0,"k":[0,0],"ix":1},"s":{"a":0,"k":[100,100],"ix":3},"r":{"a":0,"k":0,"ix":6},"o":{"a":0,"k":100,"ix":7},"sk":{"a":0,"k":0,"ix":4},"sa":{"a":0,"k":0,"ix":5},"nm":"Transform"}],"nm":"Oval","np":2,"cix":2,"bm":0,"ix":2,"mn":"ADBE Vector Group","hd":false}],"ip":0,"op":250,"st":0,"bm":3},{"ddd":0,"ind":13,"ty":0,"nm":"Stuck-lineal","parent":4,"refId":"comp_1","sr":1,"ks":{"o":{"a":0,"k":100,"ix":11},"r":{"a":0,"k":0,"ix":10},"p":{"a":0,"k":[60,60,0],"ix":2,"l":2},"a":{"a":0,"k":[250,250,0],"ix":1,"l":2},"s":{"a":0,"k":[100,100,100],"ix":6,"l":2}},"ao":0,"w":500,"h":500,"ip":0,"op":125,"st":0,"bm":0}],"markers":[]}